DATE;DEVISE;COURS
03/01/2005;USD;1869,4
04/01/2005;USD;1852
05/01/2005;USD;1810,05
06/01/2005;USD;1796,12
07/01/2005;USD;1790,62
10/01/2005;USD;1806,19
11/01/2005;USD;1815,92
12/01/2005;USD;1836,88
13/01/2005;USD;1847,7
14/01/2005;USD;1853,92
17/01/2005;USD;1851,69
18/01/2005;USD;1851,41
19/01/2005;USD;1850,01
20/01/2005;USD;1850,17
21/01/2005;USD;1840,48
24/01/2005;USD;1832,42
25/01/2005;USD;1836,22
26/01/2005;USD;1858,22
27/01/2005;USD;1854,35
28/01/2005;USD;1865,9
31/01/2005;USD;1870,39
01/02/2005;USD;1885,37
19/06/2006;USD;2175,77
20/06/2006;USD;2174,35
21/06/2006;USD;2177,76
22/06/2006;USD;2175,98
23/06/2006;USD;2183,33
27/06/2006;USD;2183,13
28/06/2006;USD;2182,14
29/06/2006;USD;2183,66
30/06/2006;USD;2167,19
03/07/2006;USD;2166,87
04/07/2006;USD;2170,44
05/07/2006;USD;2169,36
06/07/2006;USD;2169,86
07/07/2006;USD;2167
10/07/2006;USD;2166,12
11/07/2006;USD;2170,71
12/07/2006;USD;2167,12
13/07/2006;USD;2168,43
14/07/2006;USD;2169,68
17/07/2006;USD;2174,39
18/07/2006;USD;2182,1
19/07/2006;USD;2182,63
20/07/2006;USD;2172,4
21/07/2006;USD;2164,28
24/07/2006;USD;2167,4
25/07/2006;USD;2164,33
26/07/2006;USD;2165,44
27/07/2006;USD;2149,31
28/07/2006;USD;2147,84
31/07/2006;USD;2140,2
01/08/2006;USD;2141,81
02/08/2006;USD;2141
03/08/2006;USD;2146,83
04/08/2006;USD;2143,88
07/08/2006;USD;2139,62
08/08/2006;USD;2139,94
09/08/2006;USD;2140,28
10/08/2006;USD;2144,15
11/08/2006;USD;2148,52
16/08/2006;USD;2145,25
17/08/2006;USD;2137,41
18/08/2006;USD;2135,52
21/08/2006;USD;2130,16
22/08/2006;USD;2129,53
23/08/2006;USD;2131,4
24/08/2006;USD;2130,06
25/08/2006;USD;2133,71
28/08/2006;USD;2129,77
29/08/2006;USD;2127,57
30/08/2006;USD;2127,87
31/08/2006;USD;2127,87
01/09/2006;USD;2127,94
04/09/2006;USD;2127,8
05/09/2006;USD;2129,03
06/09/2006;USD;2129,03
07/09/2006;USD;2129,48
08/09/2006;USD;2137,43
11/09/2006;USD;2139,84
12/09/2006;USD;2140,74
13/09/2006;USD;2139,43
14/09/2006;USD;2139,16
15/09/2006;USD;2139,69
18/09/2006;USD;2137,6
19/09/2006;USD;2138,5
20/09/2006;USD;2139,72
21/09/2006;USD;2136,98
22/09/2006;USD;2129,84
25/09/2006;USD;2129,14
26/09/2006;USD;2129,89
27/09/2006;USD;2128,94
28/09/2006;USD;2128,05
29/09/2006;USD;2131,11
02/10/2006;USD;2130,1
03/10/2006;USD;2124,91
04/10/2006;USD;2126,09
05/10/2006;USD;2127,56
06/10/2006;USD;2128,62
09/10/2006;USD;2133,75
10/10/2006;USD;2133,81
11/10/2006;USD;2133,97
12/10/2006;USD;2133,15
13/10/2006;USD;2131,3
16/10/2006;USD;2132,19
17/10/2006;USD;2131,64
18/10/2006;USD;2130,69
19/10/2006;USD;2129,24
20/10/2006;USD;2124,85
23/10/2006;USD;2126,34
24/10/2006;USD;2132,97
25/10/2006;USD;2131,85
26/10/2006;USD;2128,09
27/10/2006;USD;2125,49
30/10/2006;USD;2120,13
02/11/2006;USD;2111,96
03/11/2006;USD;2108,09
06/11/2006;USD;2109,66
07/11/2006;USD;2101,77
08/11/2006;USD;2096,4
09/11/2006;USD;2093,05
10/11/2006;USD;2088,56
13/11/2006;USD;2086
14/11/2006;USD;2085,93
15/11/2006;USD;2084,71
16/11/2006;USD;2083,88
17/11/2006;USD;2085,18
20/11/2006;USD;2078,55
21/11/2006;USD;2080,44
22/11/2006;USD;2078,14
23/11/2006;USD;2073,61
24/11/2006;USD;2069,3
27/11/2006;USD;2062,56
28/11/2006;USD;2056,64
29/11/2006;USD;2045,12
30/11/2006;USD;2043,38
01/12/2006;USD;2034,93
04/12/2006;USD;2026,03
05/12/2006;USD;2021,3
06/12/2006;USD;2021,08
07/12/2006;USD;2017,78
08/12/2006;USD;2018,57
11/12/2006;USD;2023,17
12/12/2006;USD;2019,67
13/12/2006;USD;2021,2
14/12/2006;USD;2023,28
15/12/2006;USD;2026,8
18/12/2006;USD;2030,62
19/12/2006;USD;2029,84
20/12/2006;USD;2024,96
21/12/2006;USD;2026,92
22/12/2006;USD;2028,69
26/12/2006;USD;2030,46
27/12/2006;USD;2028,12
28/12/2006;USD;2027,45
29/12/2006;USD;2013,95
02/01/2007;USD;2004,82
03/01/2007;USD;2001,7
04/01/2007;USD;2003,39
05/01/2007;USD;2004,44
08/01/2007;USD;2010,69
09/01/2007;USD;2013,46
10/01/2007;USD;2022,52
11/01/2007;USD;2025,05
12/01/2007;USD;2036,92
15/01/2007;USD;2048,8
16/01/2007;USD;2052,45
17/01/2007;USD;2058,3
18/01/2007;USD;2057,66
22/01/2007;USD;2056,38
23/01/2007;USD;2055,34
24/01/2007;USD;2051,53
25/01/2007;USD;2053,62
26/01/2007;USD;2054,6
29/01/2007;USD;2051,92
30/01/2007;USD;2049,46
31/01/2007;USD;2047,1
01/02/2007;USD;2042,96
02/02/2007;USD;2038,88
05/02/2007;USD;2042,66
06/02/2007;USD;2041,03
07/02/2007;USD;2036,23
08/02/2007;USD;2028,59
09/02/2007;USD;2028,28
12/02/2007;USD;2027,46
13/02/2007;USD;2027,75
14/02/2007;USD;2018,77
15/02/2007;USD;2009,29
16/02/2007;USD;2010,2
19/02/2007;USD;2010,95
20/02/2007;USD;2009,42
21/02/2007;USD;2010,44
22/02/2007;USD;2012,54
23/02/2007;USD;2012,85
26/02/2007;USD;2008,24
27/02/2007;USD;2006,29
28/02/2007;USD;1999,29
01/03/2007;USD;1996,6
02/03/2007;USD;1995,58
05/03/2007;USD;1991,9
06/03/2007;USD;1994,77
07/03/2007;USD;1989,04
08/03/2007;USD;1991,91
09/03/2007;USD;1990,28
12/03/2007;USD;1986,1
13/03/2007;USD;1983,5
14/03/2007;USD;1979,25
15/03/2007;USD;1975,06
16/03/2007;USD;1964,23
19/03/2007;USD;1963,76
20/03/2007;USD;1966,3
21/03/2007;USD;1962,62
22/03/2007;USD;1953,7
23/03/2007;USD;1954,62
26/03/2007;USD;1956,15
27/03/2007;USD;1955,11
30/03/2007;USD;1951,67
02/04/2007;USD;1944,31
03/04/2007;USD;1940,74
05/04/2007;USD;1932,36
10/04/2007;USD;1921,86
11/04/2007;USD;1912,08
12/04/2007;USD;1900,47
13/04/2007;USD;1880,84
16/04/2007;USD;1863,29
17/04/2007;USD;1855,72
18/04/2007;USD;1850,69
19/04/2007;USD;1851,72
20/04/2007;USD;1850,74
23/04/2007;USD;1853,26
24/04/2007;USD;1852,53
25/04/2007;USD;1845,71
26/04/2007;USD;1840,39
27/04/2007;USD;1835,46
02/05/2007;USD;1829,58
03/05/2007;USD;1822,55
04/05/2007;USD;1823,41
07/05/2007;USD;1822,22
08/05/2007;USD;1823,26
09/05/2007;USD;1825,17
10/05/2007;USD;1829,91
11/05/2007;USD;1835,56
14/05/2007;USD;1837,89
15/05/2007;USD;1836
18/05/2007;USD;1837,6
21/05/2007;USD;1838,24
22/05/2007;USD;1840,37
23/05/2007;USD;1835,9
24/05/2007;USD;1838,35
25/05/2007;USD;1841,46
29/05/2007;USD;1842,35
30/05/2007;USD;1843,66
31/05/2007;USD;1845,54
01/06/2007;USD;1843,12
04/06/2007;USD;1845,17
05/06/2007;USD;1840,43
06/06/2007;USD;1840,7
07/06/2007;USD;1842,35
08/06/2007;USD;1849,54
11/06/2007;USD;1854,58
12/06/2007;USD;1856,41
13/06/2007;USD;1858,78
14/06/2007;USD;1856,52
15/06/2007;USD;1855,53
18/06/2007;USD;1844,28
19/06/2007;USD;1844,98
20/06/2007;USD;1846,23
21/06/2007;USD;1845,48
22/06/2007;USD;1848,17
27/06/2007;USD;1843,4
28/06/2007;USD;1840,04
29/06/2007;USD;1845,16
02/07/2007;USD;1838,66
03/07/2007;USD;1836,66
04/07/2007;USD;1830,51
05/07/2007;USD;1829,22
06/07/2007;USD;1831,98
09/07/2007;USD;1831,31
10/07/2007;USD;1829,85
11/07/2007;USD;1826,36
12/07/2007;USD;1821,76
13/07/2007;USD;1820,23
16/07/2007;USD;1817,97
17/07/2007;USD;1819,92
18/07/2007;USD;1820,56
19/07/2007;USD;1819,31
20/07/2007;USD;1821,07
23/07/2007;USD;1822,13
24/07/2007;USD;1817,47
25/07/2007;USD;1821,95
26/07/2007;USD;1826,11
27/07/2007;USD;1829,42
30/07/2007;USD;1831,41
31/07/2007;USD;1832,6
01/08/2007;USD;1833,82
02/08/2007;USD;1833,47
03/08/2007;USD;1834,91
06/08/2007;USD;1824,16
07/08/2007;USD;1825,28
08/08/2007;USD;1826,64
10/08/2007;USD;1827,49
13/08/2007;USD;1830,19
16/08/2007;USD;1845,62
17/08/2007;USD;1851,42
20/08/2007;USD;1851,03
21/08/2007;USD;1849,38
22/08/2007;USD;1849,77
23/08/2007;USD;1847,07
24/08/2007;USD;1844,54
27/08/2007;USD;1839,18
28/08/2007;USD;1841,48
29/08/2007;USD;1845,09
30/08/2007;USD;1843,14
31/08/2007;USD;1839,9
03/09/2007;USD;1840,36
04/09/2007;USD;1845,36
05/09/2007;USD;1848,76
06/09/2007;USD;1848,41
07/09/2007;USD;1849,76
10/09/2007;USD;1852,13
11/09/2007;USD;1846,69
12/09/2007;USD;1850,76
13/09/2007;USD;1851,32
14/09/2007;USD;1848,14
17/09/2007;USD;1847,64
18/09/2007;USD;1848,15
19/09/2007;USD;1841,69
20/09/2007;USD;1839,57
21/09/2007;USD;1840,41
24/09/2007;USD;1838,54
25/09/2007;USD;1840,81
26/09/2007;USD;1838,21
27/09/2007;USD;1835,27
28/09/2007;USD;1836,13
01/10/2007;USD;1829,42
02/10/2007;USD;1829,25
03/10/2007;USD;1824,79
04/10/2007;USD;1826,11
05/10/2007;USD;1825,21
08/10/2007;USD;1825,68
09/10/2007;USD;1827,57
10/10/2007;USD;1822,18
11/10/2007;USD;1813,86
12/10/2007;USD;1809,72
15/10/2007;USD;1811,92
16/10/2007;USD;1814,98
17/10/2007;USD;1818,29
18/10/2007;USD;1820,98
19/10/2007;USD;1820,18
22/10/2007;USD;1821,19
23/10/2007;USD;1822,69
24/10/2007;USD;1824,01
25/10/2007;USD;1822,03
26/10/2007;USD;1813,75
29/10/2007;USD;1807,08
30/10/2007;USD;1804,56
02/11/2007;USD;1793,6
05/11/2007;USD;1791,51
06/11/2007;USD;1789,29
07/11/2007;USD;1780,02
08/11/2007;USD;1774,77
09/11/2007;USD;1774,7
12/11/2007;USD;1779,15
13/11/2007;USD;1778,42
14/11/2007;USD;1780,73
15/11/2007;USD;1777,93
16/11/2007;USD;1776,83
19/11/2007;USD;1775,11
20/11/2007;USD;1762,7
21/11/2007;USD;1756,44
22/11/2007;USD;1758,53
23/11/2007;USD;1757,3
26/11/2007;USD;1759,61
27/11/2007;USD;1753,92
28/11/2007;USD;1762,71
29/11/2007;USD;1766,29
30/11/2007;USD;1771,67
03/12/2007;USD;1777,59
04/12/2007;USD;1777,37
05/12/2007;USD;1780,33
06/12/2007;USD;1786,52
07/12/2007;USD;1787,31
10/12/2007;USD;1789,16
11/12/2007;USD;1784,7
13/12/2007;USD;1783,38
14/12/2007;USD;1789,67
17/12/2007;USD;1802,1
18/12/2007;USD;1806,2
19/12/2007;USD;1805,87
20/12/2007;USD;1804,63
21/12/2007;USD;1806,13
26/12/2007;USD;1802,54
27/12/2007;USD;1796,37
28/12/2007;USD;1786,69
02/01/2008;USD;1786,06
03/01/2008;USD;1782,29
04/01/2008;USD;1779,74
07/01/2008;USD;1776,57
08/01/2008;USD;1782,42
09/01/2008;USD;1785,34
10/01/2008;USD;1785,88
11/01/2008;USD;1780,91
14/01/2008;USD;1777,58
15/01/2008;USD;1776,31
16/01/2008;USD;1778,42
17/01/2008;USD;1789,48
18/01/2008;USD;1791,67
21/01/2008;USD;1788,69
22/01/2008;USD;1795,12
23/01/2008;USD;1786,15
24/01/2008;USD;1782,03
25/01/2008;USD;1770,15
28/01/2008;USD;1772,74
29/01/2008;USD;1772,16
30/01/2008;USD;1778,37
31/01/2008;USD;1780,4
01/02/2008;USD;1771,04
04/02/2008;USD;1781,49
05/02/2008;USD;1787,43
06/02/2008;USD;1789,99
07/02/2008;USD;1795,3
08/02/2008;USD;1804,77
11/02/2008;USD;1811,35
12/02/2008;USD;1818,57
13/02/2008;USD;1826,37
14/02/2008;USD;1839,47
15/02/2008;USD;1842,38
18/02/2008;USD;1844,42
19/02/2008;USD;1846,65
20/02/2008;USD;1851,06
21/02/2008;USD;1852,6
22/02/2008;USD;1846,5
25/02/2008;USD;1847,74
26/02/2008;USD;1846,71
27/02/2008;USD;1839,77
28/02/2008;USD;1839,26
29/02/2008;USD;1841,53
03/03/2008;USD;1845,29
04/03/2008;USD;1828,09
05/03/2008;USD;1810,07
06/03/2008;USD;1785,56
07/03/2008;USD;1750,67
10/03/2008;USD;1734,17
11/03/2008;USD;1732,96
12/03/2008;USD;1732,48
13/03/2008;USD;1714,25
14/03/2008;USD;1709,82
17/03/2008;USD;1688,69
18/03/2008;USD;1686,27
19/03/2008;USD;1687,13
20/03/2008;USD;1692,47
25/03/2008;USD;1684,47
26/03/2008;USD;1676,79
27/03/2008;USD;1670,83
31/03/2008;USD;1664,01
01/04/2008;USD;1668,13
02/04/2008;USD;1670,6
03/04/2008;USD;1672,97
04/04/2008;USD;1670,62
07/04/2008;USD;1674,39
08/04/2008;USD;1667,12
09/04/2008;USD;1674,01
10/04/2008;USD;1663,79
11/04/2008;USD;1666,88
14/04/2008;USD;1670,47
15/04/2008;USD;1665,95
16/04/2008;USD;1656,34
17/04/2008;USD;1645,65
18/04/2008;USD;1649,38
21/04/2008;USD;1642,83
22/04/2008;USD;1634,17
23/04/2008;USD;1626,95
24/04/2008;USD;1634,74
25/04/2008;USD;1637,27
28/04/2008;USD;1636,33
29/04/2008;USD;1634,72
02/05/2008;USD;1637,2
05/05/2008;USD;1642,71
06/05/2008;USD;1642,1
07/05/2008;USD;1640,93
08/05/2008;USD;1652,06
09/05/2008;USD;1648,37
13/05/2008;USD;1640,13
14/05/2008;USD;1640,25
15/05/2008;USD;1637,69
16/05/2008;USD;1637,28
19/05/2008;USD;1628,89
20/05/2008;USD;1621,16
21/05/2008;USD;1610,29
22/05/2008;USD;1603,59
23/05/2008;USD;1602,58
26/05/2008;USD;1603,24
27/05/2008;USD;1604,82
28/05/2008;USD;1606,77
29/05/2008;USD;1614,84
30/05/2008;USD;1621,45
02/06/2008;USD;1619,6
03/06/2008;USD;1620,31
04/06/2008;USD;1623,67
05/06/2008;USD;1625,36
06/06/2008;USD;1617,55
09/06/2008;USD;1599,68
10/06/2008;USD;1615,5
11/06/2008;USD;1616,46
12/06/2008;USD;1615,62
13/06/2008;USD;1616,24
16/06/2008;USD;1615,21
17/06/2008;USD;1611,77
18/06/2008;USD;1608,45
19/06/2008;USD;1610,43
20/06/2008;USD;1607,22
23/06/2008;USD;1604,19
24/06/2008;USD;1603,09
27/06/2008;USD;1590,34
30/06/2008;USD;1585,04
01/07/2008;USD;1580,79
02/07/2008;USD;1581,77
03/07/2008;USD;1580,45
04/07/2008;USD;1586
07/07/2008;USD;1586,92
08/07/2008;USD;1582,97
09/07/2008;USD;1583,2
10/07/2008;USD;1579,4
11/07/2008;USD;1579,63
14/07/2008;USD;1571,43
15/07/2008;USD;1569,98
16/07/2008;USD;1568,56
17/07/2008;USD;1573,27
18/07/2008;USD;1570,95
21/07/2008;USD;1569,48
22/07/2008;USD;1561,21
23/07/2008;USD;1574,66
24/07/2008;USD;1578,23
25/07/2008;USD;1573,72
28/07/2008;USD;1573,38
29/07/2008;USD;1572,12
30/07/2008;USD;1574,96
31/07/2008;USD;1574,36
01/08/2008;USD;1574,4
04/08/2008;USD;1575,31
05/08/2008;USD;1581,8
06/08/2008;USD;1583,26
07/08/2008;USD;1586,79
08/08/2008;USD;1595,79
11/08/2008;USD;1599,97
12/08/2008;USD;1616,23
13/08/2008;USD;1617,43
18/08/2008;USD;1621,02
19/08/2008;USD;1626,19
20/08/2008;USD;1631,18
21/08/2008;USD;1627,77
22/08/2008;USD;1623,84
25/08/2008;USD;1626,23
26/08/2008;USD;1629,38
27/08/2008;USD;1623,84
28/08/2008;USD;1621,25
29/08/2008;USD;1618,63
01/09/2008;USD;1619,07
02/09/2008;USD;1624,5
03/09/2008;USD;1628,64
04/09/2008;USD;1625,35
05/09/2008;USD;1629,8
08/09/2008;USD;1629,62
09/09/2008;USD;1633,18
10/09/2008;USD;1634,97
11/09/2008;USD;1638,07
12/09/2008;USD;1641,81
15/09/2008;USD;1636,27
16/09/2008;USD;1643,28
17/09/2008;USD;1650,96
18/09/2008;USD;1649,62
19/09/2008;USD;1658,27
22/09/2008;USD;1660,66
23/09/2008;USD;1657,55
24/09/2008;USD;1658,33
25/09/2008;USD;1657,24
26/09/2008;USD;1647,09
29/09/2008;USD;1660,17
30/09/2008;USD;1654,68
01/10/2008;USD;1672,59
02/10/2008;USD;1677,01
03/10/2008;USD;1681,09
06/10/2008;USD;1704,93
07/10/2008;USD;1716,9
08/10/2008;USD;1719,04
09/10/2008;USD;1717,36
10/10/2008;USD;1726,01
13/10/2008;USD;1727,86
14/10/2008;USD;1730,62
15/10/2008;USD;1733,36
16/10/2008;USD;1747,09
17/10/2008;USD;1759,08
20/10/2008;USD;1775,85
21/10/2008;USD;1792,2
22/10/2008;USD;1828,56
23/10/2008;USD;1832,44
24/10/2008;USD;1837,42
27/10/2008;USD;1849,02
28/10/2008;USD;1859,19
29/10/2008;USD;1842,33
30/10/2008;USD;1812,6
03/11/2008;USD;1829,51
04/11/2008;USD;1838,94
05/11/2008;USD;1829,45
06/11/2008;USD;1835,36
07/11/2008;USD;1837,45
10/11/2008;USD;1834,9
11/11/2008;USD;1841,71
12/11/2008;USD;1853,91
13/11/2008;USD;1861,09
14/11/2008;USD;1842,01
17/11/2008;USD;1845,7
18/11/2008;USD;1847,17
19/11/2008;USD;1855,6
20/11/2008;USD;1860,79
21/11/2008;USD;1857,49
24/11/2008;USD;1857,1
25/11/2008;USD;1841,23
26/11/2008;USD;1828,38
27/11/2008;USD;1829,58
28/11/2008;USD;1829,45
01/12/2008;USD;1839,9
02/12/2008;USD;1841,6
03/12/2008;USD;1846,24
04/12/2008;USD;1850,71
05/12/2008;USD;1847,67
08/12/2008;USD;1849,82
09/12/2008;USD;1848,4
10/12/2008;USD;1845,21
11/12/2008;USD;1839,28
12/12/2008;USD;1833,05
15/12/2008;USD;1818,96
16/12/2008;USD;1810,8
17/12/2008;USD;1814,75
18/12/2008;USD;1814,46
19/12/2008;USD;1845,8
22/12/2008;USD;1850,94
23/12/2008;USD;1855,72
26/12/2008;USD;1859,96
29/12/2008;USD;1850,35
30/12/2008;USD;1860,36
02/01/2009;USD;1866,34
05/01/2009;USD;1872,16
06/01/2009;USD;1896,63
07/01/2009;USD;1897,41
08/01/2009;USD;1890,37
09/01/2009;USD;1875,02
12/01/2009;USD;1891,02
13/01/2009;USD;1893,2
14/01/2009;USD;1893,1
15/01/2009;USD;1896,38
16/01/2009;USD;1899,33
19/01/2009;USD;1907,88
20/01/2009;USD;1918,15
21/01/2009;USD;1921,11
22/01/2009;USD;1924,27
23/01/2009;USD;1931,93
26/01/2009;USD;1927,13
27/01/2009;USD;1924,09
29/01/2009;USD;1932,48
30/01/2009;USD;1936,97
02/02/2009;USD;1956,52
03/02/2009;USD;1963,09
04/02/2009;USD;1969,48
05/02/2009;USD;1966,3
06/02/2009;USD;1974,01
09/02/2009;USD;1973,41
10/02/2009;USD;1984,39
11/02/2009;USD;1979,22
12/02/2009;USD;1978,92
13/02/2009;USD;1983,92
16/02/2009;USD;1979,98
17/02/2009;USD;1982,67
18/02/2009;USD;1980,35
19/02/2009;USD;1976,65
20/02/2009;USD;1979,22
23/02/2009;USD;1938,08
24/02/2009;USD;1931,79
25/02/2009;USD;1922,28
26/02/2009;USD;1929,99
27/02/2009;USD;1931,32
02/03/2009;USD;1934,9
03/03/2009;USD;1938,25
04/03/2009;USD;1943,78
05/03/2009;USD;1944,26
06/03/2009;USD;1943,08
09/03/2009;USD;1949,17
10/03/2009;USD;1945,97
11/03/2009;USD;1952,54
12/03/2009;USD;1943,51
13/03/2009;USD;1926,78
16/03/2009;USD;1934,59
17/03/2009;USD;1940,25
18/03/2009;USD;1940,06
19/03/2009;USD;1921,34
20/03/2009;USD;1919,44
23/03/2009;USD;1915,33
24/03/2009;USD;1921,77
25/03/2009;USD;1930,86
26/03/2009;USD;1931,72
27/03/2009;USD;1933,7
30/03/2009;USD;1948,98
31/03/2009;USD;1958,6
01/04/2009;USD;1966,44
02/04/2009;USD;1971,16
03/04/2009;USD;1974,02
06/04/2009;USD;1975,16
09/04/2009;USD;1991,82
14/04/2009;USD;1994,97
15/04/2009;USD;1996,4
16/04/2009;USD;2003,63
17/04/2009;USD;2013,26
20/04/2009;USD;2028,55
21/04/2009;USD;2045,22
22/04/2009;USD;2054,62
23/04/2009;USD;2058,93
24/04/2009;USD;2053,53
27/04/2009;USD;2072,69
28/04/2009;USD;2091,09
29/04/2009;USD;2101,23
04/05/2009;USD;2087,25
05/05/2009;USD;2077,93
06/05/2009;USD;2085,14
07/05/2009;USD;2105,15
08/05/2009;USD;2103,75
11/05/2009;USD;2049,63
12/05/2009;USD;2042
13/05/2009;USD;1993,42
14/05/2009;USD;1995,01
15/05/2009;USD;1987,46
18/05/2009;USD;1987,67
19/05/2009;USD;1979,63
25/05/2009;USD;1936,27
26/05/2009;USD;1944,93
27/05/2009;USD;1943,62
28/05/2009;USD;1945,96
29/05/2009;USD;1934,03
02/06/2009;USD;1926,32
03/06/2009;USD;1918,06
04/06/2009;USD;1920,27
05/06/2009;USD;1920,68
08/06/2009;USD;1933,99
09/06/2009;USD;1925,55
10/06/2009;USD;1913,55
11/06/2009;USD;1921,37
12/06/2009;USD;1925,63
15/06/2009;USD;1931,99
16/06/2009;USD;1934,14
17/06/2009;USD;1937,93
18/06/2009;USD;1935,59
19/06/2009;USD;1939,01
22/06/2009;USD;1943,6
23/06/2009;USD;1944,3
24/06/2009;USD;1932,31
29/06/2009;USD;1935,96
30/06/2009;USD;1935,5
01/07/2009;USD;1943,54
02/07/2009;USD;1935,5
03/07/2009;USD;1950,02
06/07/2009;USD;1952,4
07/07/2009;USD;1947,3
08/07/2009;USD;1949,67
09/07/2009;USD;1944,8
10/07/2009;USD;1942,64
13/07/2009;USD;1939,71
14/07/2009;USD;1936,54
15/07/2009;USD;1935,16
16/07/2009;USD;1930,18
17/07/2009;USD;1934,42
20/07/2009;USD;1929,41
21/07/2009;USD;1925,39
22/07/2009;USD;1930,8
23/07/2009;USD;1926,95
24/07/2009;USD;1929,42
27/07/2009;USD;1928,04
28/07/2009;USD;1923,05
29/07/2009;USD;1925,71
30/07/2009;USD;1928,57
31/07/2009;USD;1929,62
03/08/2009;USD;1922,03
04/08/2009;USD;1909,98
05/08/2009;USD;1911,7
06/08/2009;USD;1911,62
07/08/2009;USD;1915,47
10/08/2009;USD;1924,55
11/08/2009;USD;1926,52
12/08/2009;USD;1927,75
13/08/2009;USD;1924,94
17/08/2009;USD;1926,01
18/08/2009;USD;1930,34
19/08/2009;USD;1936,63
20/08/2009;USD;1934,89
21/08/2009;USD;1922,15
24/08/2009;USD;1921,45
25/08/2009;USD;1924,78
26/08/2009;USD;1922,48
27/08/2009;USD;1924,09
28/08/2009;USD;1922,17
31/08/2009;USD;1926,24
01/09/2009;USD;1920,69
02/09/2009;USD;1921,84
03/09/2009;USD;1922,92
04/09/2009;USD;1925,41
07/09/2009;USD;1924,91
08/09/2009;USD;1927,25
09/09/2009;USD;1930,51
10/09/2009;USD;1930,87
11/09/2009;USD;1937,96
14/09/2009;USD;1943,74
15/09/2009;USD;1944,78
16/09/2009;USD;1946,67
17/09/2009;USD;1963,9
18/09/2009;USD;1946,18
21/09/2009;USD;1930,19
22/09/2009;USD;1937,59
23/09/2009;USD;1939,61
24/09/2009;USD;1950,38
25/09/2009;USD;1963,18
28/09/2009;USD;1980,1
29/09/2009;USD;1983,89
30/09/2009;USD;1979,92
01/10/2009;USD;2012,63
02/10/2009;USD;2008,77
05/10/2009;USD;2005,48
06/10/2009;USD;2003,39
07/10/2009;USD;2010,72
09/10/2009;USD;2011,74
12/10/2009;USD;2015,74
13/10/2009;USD;2014,71
14/10/2009;USD;2015,04
15/10/2009;USD;2017,34
16/10/2009;USD;2018,98
19/10/2009;USD;2019,05
20/10/2009;USD;2017,83
21/10/2009;USD;2022,17
23/10/2009;USD;2021,87
26/10/2009;USD;2014,21
27/10/2009;USD;2013,42
28/10/2009;USD;1998,79
29/10/2009;USD;1995,16
30/10/2009;USD;1976,46
02/11/2009;USD;1972,84
03/11/2009;USD;1970,77
04/11/2009;USD;1963,49
05/11/2009;USD;1962,75
06/11/2009;USD;1963,42
09/11/2009;USD;1952,02
10/11/2009;USD;1954,73
11/11/2009;USD;1954,18
12/11/2009;USD;1957,16
13/11/2009;USD;1959,02
16/11/2009;USD;1952,6
17/11/2009;USD;1954,15
18/11/2009;USD;1952,18
19/11/2009;USD;1952,26
20/11/2009;USD;1951,45
23/11/2009;USD;1945,87
24/11/2009;USD;1942,95
25/11/2009;USD;1935,69
26/11/2009;USD;1929,79
27/11/2009;USD;1935,32
30/11/2009;USD;1928,87
01/12/2009;USD;1927,89
02/12/2009;USD;1923,05
03/12/2009;USD;1927,82
04/12/2009;USD;1926,62
07/12/2009;USD;1929,76
08/12/2009;USD;1927,95
09/12/2009;USD;1928,64
10/12/2009;USD;1928,54
11/12/2009;USD;1933,18
14/12/2009;USD;1933,68
15/12/2009;USD;1942,53
16/12/2009;USD;1943,4
17/12/2009;USD;1951,63
18/12/2009;USD;1948,17
21/12/2009;USD;1947,59
22/12/2009;USD;1944,78
23/12/2009;USD;1941,5
28/12/2009;USD;1932,2
29/12/2009;USD;1940,05
30/12/2009;USD;1954,64
04/01/2010;USD;1962,42
05/01/2010;USD;1968,87
06/01/2010;USD;1974,58
07/01/2010;USD;1978,04
08/01/2010;USD;1987,08
11/01/2010;USD;1985,02
12/01/2010;USD;1994,54
13/01/2010;USD;2005,47
14/01/2010;USD;2007,33
18/01/2010;USD;2025,31
19/01/2010;USD;2039,75
20/01/2010;USD;2048,79
21/01/2010;USD;2066,55
22/01/2010;USD;2080,84
25/01/2010;USD;2088,1
26/01/2010;USD;2106,4
27/01/2010;USD;2121,49
28/01/2010;USD;2107,82
29/01/2010;USD;2108,76
01/02/2010;USD;2117,2
02/02/2010;USD;2116,46
03/02/2010;USD;2109,98
04/02/2010;USD;2112,5
05/02/2010;USD;2114,97
08/02/2010;USD;2120,96
09/02/2010;USD;2132,5
10/02/2010;USD;2134,99
11/02/2010;USD;2141,37
12/02/2010;USD;2149,81
15/02/2010;USD;2154,05
16/02/2010;USD;2156,23
17/02/2010;USD;2152,11
18/02/2010;USD;2161,73
19/02/2010;USD;2175,67
22/02/2010;USD;2173,16
23/02/2010;USD;2174,51
24/02/2010;USD;2189,39
25/02/2010;USD;2194,26
26/02/2010;USD;2183,85
01/03/2010;USD;2173,08
02/03/2010;USD;2160,51
03/03/2010;USD;2135,83
04/03/2010;USD;2135,29
05/03/2010;USD;2141,83
08/03/2010;USD;2141,71
09/03/2010;USD;2145,96
10/03/2010;USD;2150,47
11/03/2010;USD;2139,58
12/03/2010;USD;2137,06
15/03/2010;USD;2127,32
16/03/2010;USD;2124,68
17/03/2010;USD;2120,08
18/03/2010;USD;2124,66
19/03/2010;USD;2123,98
22/03/2010;USD;2126,65
23/03/2010;USD;2128,28
24/03/2010;USD;2134,65
25/03/2010;USD;2128,73
26/03/2010;USD;2123,79
30/03/2010;USD;2109,46
31/03/2010;USD;2109,75
01/04/2010;USD;2093,92
06/04/2010;USD;2100,71
07/04/2010;USD;2102,47
08/04/2010;USD;2086,6
09/04/2010;USD;2082,87
12/04/2010;USD;2055,02
13/04/2010;USD;2054,96
14/04/2010;USD;2045,37
15/04/2010;USD;2035,69
16/04/2010;USD;2032,98
19/04/2010;USD;2032,35
20/04/2010;USD;2033,53
21/04/2010;USD;2039,15
22/04/2010;USD;2036,81
23/04/2010;USD;2035,96
26/04/2010;USD;2033,74
27/04/2010;USD;2034,24
28/04/2010;USD;2043,2
29/04/2010;USD;2045,1
03/05/2010;USD;2039,33
04/05/2010;USD;2043,71
05/05/2010;USD;2056,18
06/05/2010;USD;2061,03
07/05/2010;USD;2062,14
10/05/2010;USD;2037,37
11/05/2010;USD;2048,84
17/05/2010;USD;2063,1
18/05/2010;USD;2078,6
19/05/2010;USD;2105,74
20/05/2010;USD;2104,74
21/05/2010;USD;2103,97
25/05/2010;USD;2113,29
26/05/2010;USD;2098,15
27/05/2010;USD;2100,02
28/05/2010;USD;2093,55
31/05/2010;USD;2101,13
01/06/2010;USD;2107,17
02/06/2010;USD;2120,93
03/06/2010;USD;2128,5
04/06/2010;USD;2142,64
07/06/2010;USD;2159,84
08/06/2010;USD;2179,14
09/06/2010;USD;2185,79
10/06/2010;USD;2202,48
11/06/2010;USD;2204,13
14/06/2010;USD;2170,78
15/06/2010;USD;2199,18
16/06/2010;USD;2202,4
17/06/2010;USD;2204,79
18/06/2010;USD;2210,11
21/06/2010;USD;2210,37
22/06/2010;USD;2215,7
23/06/2010;USD;2228,37
24/06/2010;USD;2232,52
28/06/2010;USD;2237,33
29/06/2010;USD;2248,22
30/06/2010;USD;2254,28
01/07/2010;USD;2258,07
02/07/2010;USD;2254,69
05/07/2010;USD;2251,81
06/07/2010;USD;2241,53
07/07/2010;USD;2239,27
08/07/2010;USD;2230,96
09/07/2010;USD;2219,84
12/07/2010;USD;2212,8
13/07/2010;USD;2213,44
14/07/2010;USD;2191,89
15/07/2010;USD;2198,61
16/07/2010;USD;2182,37
19/07/2010;USD;2176,81
20/07/2010;USD;2176,33
21/07/2010;USD;2177,54
22/07/2010;USD;2180,99
23/07/2010;USD;2180,2
26/07/2010;USD;2181,82
27/07/2010;USD;2180,78
28/07/2010;USD;2187,08
29/07/2010;USD;2181,89
30/07/2010;USD;2178,94
02/08/2010;USD;2174,67
03/08/2010;USD;2159,72
04/08/2010;USD;2147,38
05/08/2010;USD;2151,16
06/08/2010;USD;2153,67
09/08/2010;USD;2147,42
10/08/2010;USD;2149,28
11/08/2010;USD;2153,04
12/08/2010;USD;2169,32
13/08/2010;USD;2180,31
16/08/2010;USD;2182,58
17/08/2010;USD;2186,7
18/08/2010;USD;2195,89
19/08/2010;USD;2204,56
20/08/2010;USD;2161,42
23/08/2010;USD;2089,64
24/08/2010;USD;2017,19
25/08/2010;USD;2016,93
26/08/2010;USD;2018,85
27/08/2010;USD;2005,47
30/08/2010;USD;2006,82
31/08/2010;USD;2006,4
01/09/2010;USD;2007,45
02/09/2010;USD;2000,18
03/09/2010;USD;2010,99
06/09/2010;USD;2006,58
07/09/2010;USD;2009,62
08/09/2010;USD;2010,28
09/09/2010;USD;2008,93
10/09/2010;USD;2009,52
13/09/2010;USD;2009,67
14/09/2010;USD;2006,46
15/09/2010;USD;2002,2
16/09/2010;USD;2007,91
17/09/2010;USD;2009,08
20/09/2010;USD;2012,51
21/09/2010;USD;2018,01
22/09/2010;USD;2020,59
23/09/2010;USD;2018,21
24/09/2010;USD;2011,18
27/09/2010;USD;2014,51
28/09/2010;USD;2013,98
29/09/2010;USD;2002,17
30/09/2010;USD;2014,82
01/10/2010;USD;2011,5
04/10/2010;USD;2006,17
05/10/2010;USD;2005,93
06/10/2010;USD;2001,9
07/10/2010;USD;1999,45
08/10/2010;USD;1997,52
11/10/2010;USD;1995,35
12/10/2010;USD;2000,41
13/10/2010;USD;1996,9
14/10/2010;USD;1992,61
15/10/2010;USD;1995,08
18/10/2010;USD;2002,51
19/10/2010;USD;1997,98
20/10/2010;USD;2004,09
21/10/2010;USD;1995,72
22/10/2010;USD;1995,64
25/10/2010;USD;1994,03
26/10/2010;USD;2002,35
27/10/2010;USD;2001,44
28/10/2010;USD;1998,25
29/10/2010;USD;1997,35
02/11/2010;USD;1994,15
03/11/2010;USD;1983,82
04/11/2010;USD;1970,49
05/11/2010;USD;1971,36
08/11/2010;USD;1981,23
09/11/2010;USD;1984,46
10/11/2010;USD;1989,08
11/11/2010;USD;1992,35
12/11/2010;USD;1992,81
15/11/2010;USD;1989,38
16/11/2010;USD;1988,38
18/11/2010;USD;1985,94
19/11/2010;USD;1986,27
22/11/2010;USD;1982,34
23/11/2010;USD;1990
24/11/2010;USD;1997,84
25/11/2010;USD;1997,39
26/11/2010;USD;2006
29/11/2010;USD;2010,61
30/11/2010;USD;2024,53
01/12/2010;USD;2047,19
02/12/2010;USD;2072,04
03/12/2010;USD;2089,66
06/12/2010;USD;2095,89
07/12/2010;USD;2098,61
08/12/2010;USD;2107,61
09/12/2010;USD;2110,41
10/12/2010;USD;2112,43
13/12/2010;USD;2118,87
14/12/2010;USD;2110,28
15/12/2010;USD;2115,55
16/12/2010;USD;2124,49
17/12/2010;USD;2123,82
20/12/2010;USD;2138,82
21/12/2010;USD;2140,57
22/12/2010;USD;2141,83
23/12/2010;USD;2143,96
27/12/2010;USD;2143,86
28/12/2010;USD;2144,93
29/12/2010;USD;2147,43
30/12/2010;USD;2146,12
03/01/2011;USD;2137,32
04/01/2011;USD;2128,59
05/01/2011;USD;2129,16
06/01/2011;USD;2127,66
10/01/2011;USD;2144,27
11/01/2011;USD;2143,7
12/01/2011;USD;2130,68
13/01/2011;USD;2113,98
14/01/2011;USD;2084,22
17/01/2011;USD;2089,11
18/01/2011;USD;2079,47
19/01/2011;USD;2073,85
20/01/2011;USD;2069,74
21/01/2011;USD;2069,51
24/01/2011;USD;2064,44
25/01/2011;USD;2059,01
26/01/2011;USD;2051,35
27/01/2011;USD;2053,07
28/01/2011;USD;2050,58
31/01/2011;USD;2053,93
01/02/2011;USD;2042,12
02/02/2011;USD;2032,05
03/02/2011;USD;2031,74
04/02/2011;USD;2033,4
07/02/2011;USD;2035,82
08/02/2011;USD;2028,09
09/02/2011;USD;2025,4
10/02/2011;USD;2023,45
11/02/2011;USD;2024,92
14/02/2011;USD;2027,27
15/02/2011;USD;2025,76
16/02/2011;USD;2019,71
17/02/2011;USD;2012,83
18/02/2011;USD;2012,95
21/02/2011;USD;2005,75
22/02/2011;USD;2011,94
23/02/2011;USD;2005,47
24/02/2011;USD;2005,44
25/02/2011;USD;2003,23
28/02/2011;USD;2001,01
01/03/2011;USD;2001,65
02/03/2011;USD;2004,21
03/03/2011;USD;2001,22
04/03/2011;USD;2001,14
07/03/2011;USD;2001,24
08/03/2011;USD;2000,47
09/03/2011;USD;2004,93
10/03/2011;USD;2002,93
11/03/2011;USD;2008,97
14/03/2011;USD;2004,61
15/03/2011;USD;2005,04
16/03/2011;USD;2004,34
17/03/2011;USD;2005,68
18/03/2011;USD;2006,56
21/03/2011;USD;2006,89
22/03/2011;USD;2005,72
23/03/2011;USD;2003,66
24/03/2011;USD;2005,99
25/03/2011;USD;2006,89
30/03/2011;USD;2006,13
31/03/2011;USD;2000,7
01/04/2011;USD;2002,59
04/04/2011;USD;1999,1
05/04/2011;USD;2000,11
06/04/2011;USD;1993,74
07/04/2011;USD;1992,71
08/04/2011;USD;1980,7
11/04/2011;USD;1968,11
12/04/2011;USD;1968,52
13/04/2011;USD;1965,07
14/04/2011;USD;1970,01
15/04/2011;USD;1968,46
18/04/2011;USD;1973,74
19/04/2011;USD;1968,63
20/04/2011;USD;1970,27
21/04/2011;USD;1960,19
26/04/2011;USD;1960,31
27/04/2011;USD;1956,88
28/04/2011;USD;1942,77
29/04/2011;USD;1942,08
02/05/2011;USD;1944,13
03/05/2011;USD;1945,57
04/05/2011;USD;1948,46
05/05/2011;USD;1944,89
06/05/2011;USD;1967,92
09/05/2011;USD;1972,13
10/05/2011;USD;1975,05
11/05/2011;USD;1971,13
12/05/2011;USD;1981,6
13/05/2011;USD;1969,12
16/05/2011;USD;1970,38
17/05/2011;USD;1968,84
18/05/2011;USD;1969,37
19/05/2011;USD;1969,52
20/05/2011;USD;1965,55
23/05/2011;USD;1983,59
24/05/2011;USD;1980,25
25/05/2011;USD;1980,07
26/05/2011;USD;1971,22
27/05/2011;USD;1970,01
30/05/2011;USD;1966,38
31/05/2011;USD;1953,85
06/06/2011;USD;1929,17
07/06/2011;USD;1928,24
08/06/2011;USD;1925,52
09/06/2011;USD;1926,94
10/06/2011;USD;1934,1
14/06/2011;USD;1934,18
15/06/2011;USD;1937,31
16/06/2011;USD;1945,04
17/06/2011;USD;1943,29
20/06/2011;USD;1947,71
21/06/2011;USD;1934,4
22/06/2011;USD;1933,78
23/06/2011;USD;1944,56
24/06/2011;USD;1949,48
27/06/2011;USD;1955,71
28/06/2011;USD;1952,36
29/06/2011;USD;1946,74
30/06/2011;USD;1939,65
01/07/2011;USD;1939,09
04/07/2011;USD;1940,7
05/07/2011;USD;1943,85
06/07/2011;USD;1949,7
07/07/2011;USD;1951,88
08/07/2011;USD;1951,13
11/07/2011;USD;1960,25
12/07/2011;USD;1977,34
13/07/2011;USD;1971,87
14/07/2011;USD;1966,68
15/07/2011;USD;1970,29
18/07/2011;USD;1977,64
19/07/2011;USD;1974,14
20/07/2011;USD;1971,52
21/07/2011;USD;1972,27
22/07/2011;USD;1972,64
25/07/2011;USD;1972,84
26/07/2011;USD;1968,09
27/07/2011;USD;1966,97
28/07/2011;USD;1967,12
29/07/2011;USD;1970,25
01/08/2011;USD;1964,87
02/08/2011;USD;1973,16
03/08/2011;USD;1972,54
04/08/2011;USD;1973,33
05/08/2011;USD;1972,21
08/08/2011;USD;1962,16
09/08/2011;USD;1965,37
10/08/2011;USD;1959,8
11/08/2011;USD;1963,27
12/08/2011;USD;1964,67
16/08/2011;USD;1949,66
17/08/2011;USD;1946,27
18/08/2011;USD;1947,67
19/08/2011;USD;1956,28
22/08/2011;USD;1951,24
23/08/2011;USD;1952,1
24/08/2011;USD;1952,1
25/08/2011;USD;1954,37
26/08/2011;USD;1956,9
29/08/2011;USD;1956,11
30/08/2011;USD;1963,21
31/08/2011;USD;1964,98
01/09/2011;USD;1969,22
02/09/2011;USD;1973,05
05/09/2011;USD;1977,77
06/09/2011;USD;1982,34
07/09/2011;USD;1991,24
08/09/2011;USD;1996,3
09/09/2011;USD;1998,91
12/09/2011;USD;2011,93
13/09/2011;USD;2015,74
14/09/2011;USD;2011,18
15/09/2011;USD;2006,1
16/09/2011;USD;2008,74
19/09/2011;USD;2013,24
20/09/2011;USD;2015,9
21/09/2011;USD;2017,91
22/09/2011;USD;2029,01
23/09/2011;USD;2040,95
26/09/2011;USD;2051,71
27/09/2011;USD;2054,83
28/09/2011;USD;2057,43
29/09/2011;USD;2059,89
30/09/2011;USD;2070,66
03/10/2011;USD;2087,61
04/10/2011;USD;2102,25
05/10/2011;USD;2107,16
06/10/2011;USD;2110,56
07/10/2011;USD;2114,48
10/10/2011;USD;2113,32
11/10/2011;USD;2109,84
12/10/2011;USD;2111,73
13/10/2011;USD;2108,41
14/10/2011;USD;2105,53
17/10/2011;USD;2105,4
18/10/2011;USD;2113,56
19/10/2011;USD;2106,7
20/10/2011;USD;2109,49
21/10/2011;USD;2108,89
24/10/2011;USD;2106,38
25/10/2011;USD;2104,43
26/10/2011;USD;2107,77
27/10/2011;USD;2106,41
28/10/2011;USD;2105,15
02/11/2011;USD;2109,05
03/11/2011;USD;2110,5
04/11/2011;USD;2107,26
07/11/2011;USD;2106,94
08/11/2011;USD;2108
09/11/2011;USD;2108,35
10/11/2011;USD;2115,39
11/11/2011;USD;2111,16
14/11/2011;USD;2111,76
15/11/2011;USD;2112,51
16/11/2011;USD;2114,87
17/11/2011;USD;2114,79
18/11/2011;USD;2110,62
21/11/2011;USD;2111,72
22/11/2011;USD;2111,28
23/11/2011;USD;2112,56
24/11/2011;USD;2114,3
25/11/2011;USD;2119,85
28/11/2011;USD;2115,11
29/11/2011;USD;2112,8
30/11/2011;USD;2111,91
01/12/2011;USD;2105,87
02/12/2011;USD;2095,89
05/12/2011;USD;2094,16
06/12/2011;USD;2092,45
07/12/2011;USD;2090,73
08/12/2011;USD;2094,02
09/12/2011;USD;2100,92
12/12/2011;USD;2110,48
13/12/2011;USD;2121,59
14/12/2011;USD;2139,54
15/12/2011;USD;2148,67
16/12/2011;USD;2148,58
19/12/2011;USD;2156,05
20/12/2011;USD;2153,81
21/12/2011;USD;2151,23
22/12/2011;USD;2162,14
23/12/2011;USD;2173,23
26/12/2011;USD;2187,98
27/12/2011;USD;2194,97
28/12/2011;USD;2201,38
29/12/2011;USD;2228,57
30/12/2011;USD;2247,48
02/01/2012;USD;2226,87
03/01/2012;USD;2229,23
04/01/2012;USD;2235,5
05/01/2012;USD;2242,27
06/01/2012;USD;2259,57
09/01/2012;USD;2251,9
10/01/2012;USD;2240,78
11/01/2012;USD;2237,27
12/01/2012;USD;2237,35
13/01/2012;USD;2236,1
16/01/2012;USD;2242,64
17/01/2012;USD;2237,04
18/01/2012;USD;2233,46
19/01/2012;USD;2228,51
20/01/2012;USD;2208,71
23/01/2012;USD;2202,41
24/01/2012;USD;2191,34
25/01/2012;USD;2192,84
26/01/2012;USD;2185,1
27/01/2012;USD;2186,14
30/01/2012;USD;2182,15
31/01/2012;USD;2171,91
01/02/2012;USD;2182,67
02/02/2012;USD;2171,18
03/02/2012;USD;2169,88
06/02/2012;USD;2178,18
07/02/2012;USD;2172,83
08/02/2012;USD;2170,19
09/02/2012;USD;2168,76
10/02/2012;USD;2175,54
13/02/2012;USD;2186,11
15/02/2012;USD;2189,54
16/02/2012;USD;2201,37
17/02/2012;USD;2194,2
20/02/2012;USD;2182,69
21/02/2012;USD;2179,51
22/02/2012;USD;2181,74
23/02/2012;USD;2181,32
24/02/2012;USD;2175,16
27/02/2012;USD;2165,61
28/02/2012;USD;2162,1
29/02/2012;USD;2156,38
01/03/2012;USD;2164,14
02/03/2012;USD;2153,75
05/03/2012;USD;2153,14
06/03/2012;USD;2153,89
07/03/2012;USD;2153,33
08/03/2012;USD;2154,44
09/03/2012;USD;2152,7
12/03/2012;USD;2157,63
13/03/2012;USD;2149,68
14/03/2012;USD;2153,05
15/03/2012;USD;2154,7
16/03/2012;USD;2154,15
19/03/2012;USD;2150,84
20/03/2012;USD;2146,04
21/03/2012;USD;2134,25
22/03/2012;USD;2130,3
23/03/2012;USD;2122,43
26/03/2012;USD;2118,28
27/03/2012;USD;2109,3
30/03/2012;USD;2100,73
02/04/2012;USD;2097,25
03/04/2012;USD;2093,67
04/04/2012;USD;2091,25
05/04/2012;USD;2089,84
10/04/2012;USD;2094,48
11/04/2012;USD;2093,89
12/04/2012;USD;2091,87
13/04/2012;USD;2091,28
16/04/2012;USD;2092,84
17/04/2012;USD;2089,31
18/04/2012;USD;2088,29
19/04/2012;USD;2086,95
20/04/2012;USD;2083,72
23/04/2012;USD;2082,67
24/04/2012;USD;2079,9
25/04/2012;USD;2077,04
26/04/2012;USD;2074,51
27/04/2012;USD;2072,58
02/05/2012;USD;2074,19
03/05/2012;USD;2073,66
04/05/2012;USD;2071,23
07/05/2012;USD;2073,87
08/05/2012;USD;2073,39
09/05/2012;USD;2078,67
10/05/2012;USD;2081,12
11/05/2012;USD;2086,99
14/05/2012;USD;2088,4
15/05/2012;USD;2101,42
18/05/2012;USD;2108,39
21/05/2012;USD;2100,44
22/05/2012;USD;2100,06
23/05/2012;USD;2110,8
24/05/2012;USD;2120,75
25/05/2012;USD;2122,66
29/05/2012;USD;2127,7
30/05/2012;USD;2133,57
31/05/2012;USD;2133,62
01/06/2012;USD;2137,94
04/06/2012;USD;2134,98
05/06/2012;USD;2136,28
06/06/2012;USD;2141,97
07/06/2012;USD;2148,44
08/06/2012;USD;2154,65
11/06/2012;USD;2147,69
12/06/2012;USD;2160,58
13/06/2012;USD;2158,83
14/06/2012;USD;2159,98
15/06/2012;USD;2159,54
18/06/2012;USD;2163,07
19/06/2012;USD;2167,66
20/06/2012;USD;2173,93
21/06/2012;USD;2181,93
22/06/2012;USD;2199,76
27/06/2012;USD;2203,17
28/06/2012;USD;2208,68
29/06/2012;USD;2210,13
02/07/2012;USD;2207,68
03/07/2012;USD;2211,9
04/07/2012;USD;2214,51
05/07/2012;USD;2223,78
06/07/2012;USD;2238,35
09/07/2012;USD;2248,23
10/07/2012;USD;2246,36
11/07/2012;USD;2262,49
12/07/2012;USD;2281,29
13/07/2012;USD;2290,84
16/07/2012;USD;2291,56
17/07/2012;USD;2287,23
18/07/2012;USD;2285,24
19/07/2012;USD;2281,88
20/07/2012;USD;2283,26
23/07/2012;USD;2292,84
24/07/2012;USD;2281,63
25/07/2012;USD;2278,95
26/07/2012;USD;2274,72
27/07/2012;USD;2263,99
30/07/2012;USD;2267,54
31/07/2012;USD;2268,69
01/08/2012;USD;2264,98
02/08/2012;USD;2268,09
03/08/2012;USD;2268,9
06/08/2012;USD;2256,55
07/08/2012;USD;2249,75
08/08/2012;USD;2248,33
09/08/2012;USD;2250,18
10/08/2012;USD;2258,09
13/08/2012;USD;2259,57
16/08/2012;USD;2260,23
17/08/2012;USD;2252,02
20/08/2012;USD;2252,45
21/08/2012;USD;2247,78
22/08/2012;USD;2248,66
23/08/2012;USD;2239,39
24/08/2012;USD;2240,58
27/08/2012;USD;2243,41
28/08/2012;USD;2246,36
29/08/2012;USD;2247,36
30/08/2012;USD;2245,69
31/08/2012;USD;2248,27
03/09/2012;USD;2248,18
04/09/2012;USD;2247,84
05/09/2012;USD;2249,55
06/09/2012;USD;2245,46
07/09/2012;USD;2244,33
10/09/2012;USD;2239,32
11/09/2012;USD;2240,72
12/09/2012;USD;2233,35
13/09/2012;USD;2226,67
14/09/2012;USD;2204,06
17/09/2012;USD;2196,3
18/09/2012;USD;2200,59
19/09/2012;USD;2199,13
20/09/2012;USD;2202,92
21/09/2012;USD;2208,26
24/09/2012;USD;2208,94
25/09/2012;USD;2209,43
26/09/2012;USD;2212,3
27/09/2012;USD;2212,78
28/09/2012;USD;2204,03
01/10/2012;USD;2206,46
02/10/2012;USD;2203,32
03/10/2012;USD;2198,22
04/10/2012;USD;2194,65
05/10/2012;USD;2187,88
08/10/2012;USD;2189,26
09/10/2012;USD;2192
10/10/2012;USD;2196,47
11/10/2012;USD;2200,27
12/10/2012;USD;2195,32
15/10/2012;USD;2194,11
16/10/2012;USD;2196,4
17/10/2012;USD;2196,12
18/10/2012;USD;2198,48
19/10/2012;USD;2205,67
22/10/2012;USD;2206,74
23/10/2012;USD;2206,47
24/10/2012;USD;2210,44
25/10/2012;USD;2209,75
26/10/2012;USD;2213,73
29/10/2012;USD;2212,99
30/10/2012;USD;2213,46
05/11/2012;USD;2214,64
06/11/2012;USD;2219,56
07/11/2012;USD;2220,42
08/11/2012;USD;2231,71
09/11/2012;USD;2236,52
12/11/2012;USD;2238,79
13/11/2012;USD;2247,61
14/11/2012;USD;2252,2
15/11/2012;USD;2257,22
16/11/2012;USD;2259,98
19/11/2012;USD;2259,77
20/11/2012;USD;2261,67
21/11/2012;USD;2267,38
22/11/2012;USD;2262,8
23/11/2012;USD;2264,1
26/11/2012;USD;2257,8
27/11/2012;USD;2254,51
28/11/2012;USD;2257,8
29/11/2012;USD;2252,31
30/11/2012;USD;2248,46
03/12/2012;USD;2249,76
04/12/2012;USD;2247,58
05/12/2012;USD;2248,32
06/12/2012;USD;2255,34
07/12/2012;USD;2272,14
12/12/2012;USD;2265,05
13/12/2012;USD;2267,53
14/12/2012;USD;2270,1
17/12/2012;USD;2261,95
18/12/2012;USD;2261,35
19/12/2012;USD;2256
20/12/2012;USD;2260,26
21/12/2012;USD;2258,44
26/12/2012;USD;2260,97
27/12/2012;USD;2267,82
28/12/2012;USD;2270,56
02/01/2013;USD;2255,13
03/01/2013;USD;2261,69
04/01/2013;USD;2264,87
07/01/2013;USD;2260,9
08/01/2013;USD;2253,32
09/01/2013;USD;2259,42
10/01/2013;USD;2262,6
14/01/2013;USD;2251,24
15/01/2013;USD;2247,66
16/01/2013;USD;2244,19
17/01/2013;USD;2241,09
18/01/2013;USD;2235,11
21/01/2013;USD;2234,12
22/01/2013;USD;2229,58
23/01/2013;USD;2223,87
24/01/2013;USD;2208,93
25/01/2013;USD;2207,22
28/01/2013;USD;2205,48
29/01/2013;USD;2206,58
30/01/2013;USD;2202,78
31/01/2013;USD;2194,07
01/02/2013;USD;2189,27
04/02/2013;USD;2184,15
05/02/2013;USD;2192,94
06/02/2013;USD;2184,02
07/02/2013;USD;2186,63
08/02/2013;USD;2196,58
11/02/2013;USD;2205,48
12/02/2013;USD;2205,32
13/02/2013;USD;2203,57
14/02/2013;USD;2206,6
15/02/2013;USD;2204,45
18/02/2013;USD;2203,86
19/02/2013;USD;2206,84
20/02/2013;USD;2198,1
21/02/2013;USD;2208,88
22/02/2013;USD;2214,55
25/02/2013;USD;2206,33
26/02/2013;USD;2216,35
27/02/2013;USD;2215,04
28/02/2013;USD;2203,7
01/03/2013;USD;2209,17
04/03/2013;USD;2215,39
05/03/2013;USD;2214,8
06/03/2013;USD;2211,39
07/03/2013;USD;2213,34
08/03/2013;USD;2212,64
11/03/2013;USD;2218,11
12/03/2013;USD;2217,33
13/03/2013;USD;2211,09
14/03/2013;USD;2218,65
15/03/2013;USD;2213,23
18/03/2013;USD;2220,05
19/03/2013;USD;2225
20/03/2013;USD;2231,45
21/03/2013;USD;2234,14
22/03/2013;USD;2237,34
25/03/2013;USD;2228,87
26/03/2013;USD;2231,26
27/03/2013;USD;2234,26
02/04/2013;USD;2235,22
03/04/2013;USD;2239,33
04/04/2013;USD;2243,31
05/04/2013;USD;2241,16
08/04/2013;USD;2229,36
09/04/2013;USD;2222,79
10/04/2013;USD;2203,76
11/04/2013;USD;2196,67
12/04/2013;USD;2196,56
15/04/2013;USD;2197,82
16/04/2013;USD;2196,11
17/04/2013;USD;2172,3
18/04/2013;USD;2182,03
19/04/2013;USD;2177,16
22/04/2013;USD;2179,75
23/04/2013;USD;2185,51
24/04/2013;USD;2183,05
25/04/2013;USD;2178,45
26/04/2013;USD;2180,32
29/04/2013;USD;2174,89
02/05/2013;USD;2173,58
03/05/2013;USD;2174,39
06/05/2013;USD;2177,78
07/05/2013;USD;2182,06
10/05/2013;USD;2191,12
13/05/2013;USD;2192,66
14/05/2013;USD;2194,78
15/05/2013;USD;2196,95
16/05/2013;USD;2197,06
17/05/2013;USD;2197,83
21/05/2013;USD;2196,79
22/05/2013;USD;2195,83
23/05/2013;USD;2197,76
24/05/2013;USD;2198,55
27/05/2013;USD;2197,17
28/05/2013;USD;2196,94
29/05/2013;USD;2199,16
30/05/2013;USD;2198,32
31/05/2013;USD;2196,81
03/06/2013;USD;2198,78
04/06/2013;USD;2196,99
05/06/2013;USD;2196,85
06/06/2013;USD;2194,85
07/06/2013;USD;2182,2
10/06/2013;USD;2179,11
11/06/2013;USD;2176,18
13/06/2013;USD;2169,99
14/06/2013;USD;2167,46
17/06/2013;USD;2166,18
18/06/2013;USD;2171,12
19/06/2013;USD;2165,05
20/06/2013;USD;2169,55
21/06/2013;USD;2170,16
24/06/2013;USD;2178,08
27/06/2013;USD;2187,43
28/06/2013;USD;2183,75
01/07/2013;USD;2190,08
02/07/2013;USD;2186,82
03/07/2013;USD;2192,21
04/07/2013;USD;2190,87
05/07/2013;USD;2202,62
08/07/2013;USD;2208,74
09/07/2013;USD;2207,03
10/07/2013;USD;2209,52
11/07/2013;USD;2205,66
12/07/2013;USD;2207,6
15/07/2013;USD;2206,92
16/07/2013;USD;2205,91
17/07/2013;USD;2203,3
18/07/2013;USD;2203,49
19/07/2013;USD;2200,93
22/07/2013;USD;2198,86
23/07/2013;USD;2195,82
24/07/2013;USD;2194,09
25/07/2013;USD;2192,38
26/07/2013;USD;2190,12
29/07/2013;USD;2187,75
30/07/2013;USD;2188,34
31/07/2013;USD;2187,94
01/08/2013;USD;2188,47
02/08/2013;USD;2189,38
05/08/2013;USD;2183,92
06/08/2013;USD;2187,51
07/08/2013;USD;2181,26
08/08/2013;USD;2178,2
09/08/2013;USD;2178,36
12/08/2013;USD;2183,62
13/08/2013;USD;2178,22
16/08/2013;USD;2177,57
19/08/2013;USD;2177,98
20/08/2013;USD;2176,41
21/08/2013;USD;2173,09
22/08/2013;USD;2174,71
23/08/2013;USD;2171,2
26/08/2013;USD;2171,37
27/08/2013;USD;2176,94
28/08/2013;USD;2175,68
29/08/2013;USD;2181,85
30/08/2013;USD;2185,43
02/09/2013;USD;2192,18
03/09/2013;USD;2196,48
04/09/2013;USD;2199,41
05/09/2013;USD;2198,68
06/09/2013;USD;2201,09
09/09/2013;USD;2200
10/09/2013;USD;2200,1
11/09/2013;USD;2198,72
12/09/2013;USD;2203,88
16/09/2013;USD;2202,73
17/09/2013;USD;2207,53
18/09/2013;USD;2201,18
19/09/2013;USD;2194,5
20/09/2013;USD;2192,74
23/09/2013;USD;2200,13
24/09/2013;USD;2203,78
25/09/2013;USD;2207,62
26/09/2013;USD;2214,88
27/09/2013;USD;2226,47
30/09/2013;USD;2225,61
01/10/2013;USD;2225,36
02/10/2013;USD;2222,1
03/10/2013;USD;2216,68
04/10/2013;USD;2217,53
07/10/2013;USD;2208,73
08/10/2013;USD;2206,02
09/10/2013;USD;2203,29
10/10/2013;USD;2199,9
11/10/2013;USD;2196,87
15/10/2013;USD;2196,41
16/10/2013;USD;2191,64
17/10/2013;USD;2183,59
18/10/2013;USD;2181,23
21/10/2013;USD;2182,83
22/10/2013;USD;2180,46
23/10/2013;USD;2173,31
24/10/2013;USD;2169,15
28/10/2013;USD;2166,88
29/10/2013;USD;2175,06
30/10/2013;USD;2175,06
04/11/2013;USD;2206,32
05/11/2013;USD;2210,95
06/11/2013;USD;2213,48
07/11/2013;USD;2218,75
08/11/2013;USD;2231,31
11/11/2013;USD;2241,27
12/11/2013;USD;2250,13
13/11/2013;USD;2244,54
14/11/2013;USD;2245,63
15/11/2013;USD;2244,91
18/11/2013;USD;2241,73
19/11/2013;USD;2245,5
20/11/2013;USD;2240,62
21/11/2013;USD;2248,33
22/11/2013;USD;2241,89
25/11/2013;USD;2242,54
26/11/2013;USD;2241,32
27/11/2013;USD;2238,22
28/11/2013;USD;2236,43
29/11/2013;USD;2236,09
02/12/2013;USD;2243,44
03/12/2013;USD;2241,05
04/12/2013;USD;2239,27
05/12/2013;USD;2241,7
06/12/2013;USD;2236,51
09/12/2013;USD;2231,2
12/12/2013;USD;2226,14
13/12/2013;USD;2233,17
16/12/2013;USD;2242,98
17/12/2013;USD;2244,78
18/12/2013;USD;2247,35
19/12/2013;USD;2250,93
23/12/2013;USD;2251,41
26/12/2013;USD;2250,99
27/12/2013;USD;2242,4
30/12/2013;USD;2236,01
02/01/2014;USD;2242,28
03/01/2014;USD;2247,91
06/01/2014;USD;2257,01
07/01/2014;USD;2256,58
08/01/2014;USD;2261,95
09/01/2014;USD;2263,61
10/01/2014;USD;2265,13
13/01/2014;USD;2259,71
14/01/2014;USD;2261,94
15/01/2014;USD;2264,56
16/01/2014;USD;2267,95
17/01/2014;USD;2270,53
20/01/2014;USD;2273,73
21/01/2014;USD;2278,71
22/01/2014;USD;2280,42
23/01/2014;USD;2279,93
27/01/2014;USD;2277,16
28/01/2014;USD;2279,15
29/01/2014;USD;2282,15
30/01/2014;USD;2287,56
31/01/2014;USD;2295,67
03/02/2014;USD;2305,37
04/02/2014;USD;2314,54
05/02/2014;USD;2318,97
06/02/2014;USD;2315,41
07/02/2014;USD;2311,29
10/02/2014;USD;2304,59
11/02/2014;USD;2301,79
12/02/2014;USD;2307,47
13/02/2014;USD;2308,22
14/02/2014;USD;2306,75
17/02/2014;USD;2306,83
18/02/2014;USD;2320,51
19/02/2014;USD;2320,99
20/02/2014;USD;2326,8
21/02/2014;USD;2327,88
24/02/2014;USD;2331,68
25/02/2014;USD;2325,51
26/02/2014;USD;2329,73
27/02/2014;USD;2330,4
28/02/2014;USD;2319,39
03/03/2014;USD;2317,35
04/03/2014;USD;2318,52
05/03/2014;USD;2321,79
06/03/2014;USD;2328,01
07/03/2014;USD;2315,14
10/03/2014;USD;2320,84
11/03/2014;USD;2324,53
12/03/2014;USD;2323,42
13/03/2014;USD;2304,57
14/03/2014;USD;2316,24
17/03/2014;USD;2315,41
18/03/2014;USD;2316,49
19/03/2014;USD;2313,9
20/03/2014;USD;2328,24
21/03/2014;USD;2334,03
24/03/2014;USD;2340,44
25/03/2014;USD;2329,04
26/03/2014;USD;2326,3
27/03/2014;USD;2330,01
31/03/2014;USD;2328,47
01/04/2014;USD;2326,44
02/04/2014;USD;2334,05
03/04/2014;USD;2331,44
04/04/2014;USD;2333,12
07/04/2014;USD;2331,86
08/04/2014;USD;2329,17
09/04/2014;USD;2332,25
10/04/2014;USD;2320,15
11/04/2014;USD;2317
14/04/2014;USD;2321,46
15/04/2014;USD;2321,65
16/04/2014;USD;2318,33
17/04/2014;USD;2317,76
22/04/2014;USD;2320,21
23/04/2014;USD;2323,23
24/04/2014;USD;2320,47
25/04/2014;USD;2320,41
28/04/2014;USD;2326,68
29/04/2014;USD;2323,54
02/05/2014;USD;2318,95
05/05/2014;USD;2316,1
06/05/2014;USD;2306,11
07/05/2014;USD;2307,74
08/05/2014;USD;2308,51
09/05/2014;USD;2322,84
12/05/2014;USD;2323,34
13/05/2014;USD;2329,09
14/05/2014;USD;2327,97
15/05/2014;USD;2335,82
16/05/2014;USD;2333,38
19/05/2014;USD;2329,84
20/05/2014;USD;2332,58
21/05/2014;USD;2335,99
22/05/2014;USD;2337,09
23/05/2014;USD;2341,24
26/05/2014;USD;2341,26
27/05/2014;USD;2341,53
30/05/2014;USD;2344,76
02/06/2014;USD;2346,88
03/06/2014;USD;2349,88
04/06/2014;USD;2348,56
05/06/2014;USD;2352,26
06/06/2014;USD;2349,1
10/06/2014;USD;2355,35
11/06/2014;USD;2354,32
12/06/2014;USD;2357,26
13/06/2014;USD;2358,48
16/06/2014;USD;2357,94
17/06/2014;USD;2356,5
18/06/2014;USD;2358,31
19/06/2014;USD;2353,84
20/06/2014;USD;2358,24
23/06/2014;USD;2356,25
24/06/2014;USD;2355,89
27/06/2014;USD;2355,6
30/06/2014;USD;2360,05
01/07/2014;USD;2365,47
02/07/2014;USD;2373,7
03/07/2014;USD;2375,54
04/07/2014;USD;2380,62
07/07/2014;USD;2384,35
08/07/2014;USD;2386,92
09/07/2014;USD;2386,89
10/07/2014;USD;2391,31
11/07/2014;USD;2402,39
14/07/2014;USD;2402,95
15/07/2014;USD;2412,38
16/07/2014;USD;2421,12
17/07/2014;USD;2427,54
18/07/2014;USD;2434,93
21/07/2014;USD;2443,36
22/07/2014;USD;2450,85
23/07/2014;USD;2454,36
24/07/2014;USD;2454,54
25/07/2014;USD;2455,1
28/07/2014;USD;2455,75
29/07/2014;USD;2457,97
30/07/2014;USD;2460,69
31/07/2014;USD;2464,59
01/08/2014;USD;2463,07
04/08/2014;USD;2460,17
05/08/2014;USD;2465,49
06/08/2014;USD;2466,16
07/08/2014;USD;2464,54
08/08/2014;USD;2462,06
11/08/2014;USD;2461,63
12/08/2014;USD;2463,23
13/08/2014;USD;2463,18
18/08/2014;USD;2460,28
19/08/2014;USD;2462,46
20/08/2014;USD;2464,98
21/08/2014;USD;2465
22/08/2014;USD;2465,66
25/08/2014;USD;2467,19
26/08/2014;USD;2467,56
27/08/2014;USD;2466,46
28/08/2014;USD;2465,9
29/08/2014;USD;2464,51
01/09/2014;USD;2467,29
02/09/2014;USD;2470,19
03/09/2014;USD;2466,07
04/09/2014;USD;2469,21
05/09/2014;USD;2480,13
08/09/2014;USD;2484,06
09/09/2014;USD;2484,93
10/09/2014;USD;2483,89
11/09/2014;USD;2484,44
12/09/2014;USD;2486,34
15/09/2014;USD;2490,07
16/09/2014;USD;2485,14
17/09/2014;USD;2482,97
18/09/2014;USD;2485,36
19/09/2014;USD;2486,53
22/09/2014;USD;2489,25
23/09/2014;USD;2484,34
24/09/2014;USD;2491,05
25/09/2014;USD;2498,63
26/09/2014;USD;2501,18
29/09/2014;USD;2505,61
30/09/2014;USD;2512,49
01/10/2014;USD;2514,05
02/10/2014;USD;2514,03
03/10/2014;USD;2515,06
06/10/2014;USD;2521,65
07/10/2014;USD;2517,13
08/10/2014;USD;2515,13
09/10/2014;USD;2503,02
10/10/2014;USD;2512,01
13/10/2014;USD;2510,57
14/10/2014;USD;2512,12
15/10/2014;USD;2510,97
16/10/2014;USD;2505,32
17/10/2014;USD;2497
20/10/2014;USD;2499,32
21/10/2014;USD;2501,22
22/10/2014;USD;2510,02
23/10/2014;USD;2519,01
24/10/2014;USD;2521,82
27/10/2014;USD;2522,13
28/10/2014;USD;2520,03
29/10/2014;USD;2521,03
30/10/2014;USD;2538,14
03/11/2014;USD;2550,59
04/11/2014;USD;2558,2
05/11/2014;USD;2562,95
06/11/2014;USD;2565,12
07/11/2014;USD;2583,04
10/11/2014;USD;2579,87
11/11/2014;USD;2585,1
12/11/2014;USD;2584,08
13/11/2014;USD;2588,77
14/11/2014;USD;2601,7
17/11/2014;USD;2598,9
18/11/2014;USD;2602,19
19/11/2014;USD;2607,76
20/11/2014;USD;2610,51
21/11/2014;USD;2609,93
24/11/2014;USD;2610,2
25/11/2014;USD;2608,3
26/11/2014;USD;2605,4
27/11/2014;USD;2604,67
28/11/2014;USD;2605,15
01/12/2014;USD;2605,96
02/12/2014;USD;2606,97
03/12/2014;USD;2609,93
04/12/2014;USD;2609,73
05/12/2014;USD;2607,09
08/12/2014;USD;2607,7
09/12/2014;USD;2598,83
10/12/2014;USD;2580,49
11/12/2014;USD;2565,64
12/12/2014;USD;2567,86
15/12/2014;USD;2567,03
16/12/2014;USD;2559,02
17/12/2014;USD;2562,43
18/12/2014;USD;2574,53
19/12/2014;USD;2582,57
22/12/2014;USD;2585,68
23/12/2014;USD;2587,73
26/12/2014;USD;2584,54
29/12/2014;USD;2590,11
30/12/2014;USD;2596,73
05/01/2015;USD;2610,31
06/01/2015;USD;2610,77
07/01/2015;USD;2610,32
08/01/2015;USD;2610,62
09/01/2015;USD;2610,45
12/01/2015;USD;2610,6
13/01/2015;USD;2610,76
14/01/2015;USD;2610,5
15/01/2015;USD;2601,06
16/01/2015;USD;2605,33
19/01/2015;USD;2610,37
20/01/2015;USD;2610,49
21/01/2015;USD;2610,62
22/01/2015;USD;2608,24
26/01/2015;USD;2610,67
27/01/2015;USD;2609,25
28/01/2015;USD;2609,79
29/01/2015;USD;2610,19
30/01/2015;USD;2609,36
02/02/2015;USD;2610,45
03/02/2015;USD;2610,38
04/02/2015;USD;2605,27
05/02/2015;USD;2607,74
06/02/2015;USD;2607,84
09/02/2015;USD;2610,06
10/02/2015;USD;2610,72
11/02/2015;USD;2608,87
12/02/2015;USD;2608,52
13/02/2015;USD;2607,46
16/02/2015;USD;2608,41
17/02/2015;USD;2612,92
18/02/2015;USD;2612,29
19/02/2015;USD;2610,78
20/02/2015;USD;2612,57
23/02/2015;USD;2612,45
24/02/2015;USD;2613,97
25/02/2015;USD;2614,41
26/02/2015;USD;2611,2
27/02/2015;USD;2612,11
02/03/2015;USD;2610,03
03/03/2015;USD;2613,05
04/03/2015;USD;2619,25
05/03/2015;USD;2630,57
06/03/2015;USD;2643,66
09/03/2015;USD;2656,46
10/03/2015;USD;2675,25
11/03/2015;USD;2683,6
12/03/2015;USD;2692,93
13/03/2015;USD;2711,83
16/03/2015;USD;2728,88
17/03/2015;USD;2746,32
18/03/2015;USD;2764,9
19/03/2015;USD;2784,49
20/03/2015;USD;2802,31
23/03/2015;USD;2815,06
24/03/2015;USD;2833,36
25/03/2015;USD;2831,1
26/03/2015;USD;2836,8
27/03/2015;USD;2856,39
30/03/2015;USD;2877,37
31/03/2015;USD;2878,94
01/04/2015;USD;2880,74
02/04/2015;USD;2883,99
07/04/2015;USD;2882,03
08/04/2015;USD;2880,64
09/04/2015;USD;2881,68
10/04/2015;USD;2882,89
13/04/2015;USD;2884,56
14/04/2015;USD;2882,08
15/04/2015;USD;2881,61
16/04/2015;USD;2877,44
17/04/2015;USD;2876,38
20/04/2015;USD;2877,5
21/04/2015;USD;2878,54
22/04/2015;USD;2879,3
23/04/2015;USD;2878,57
24/04/2015;USD;2878,02
27/04/2015;USD;2879,43
28/04/2015;USD;2878,68
29/04/2015;USD;2873,79
04/05/2015;USD;2872,79
05/05/2015;USD;2873,57
06/05/2015;USD;2874,28
07/05/2015;USD;2874,79
08/05/2015;USD;2876,04
11/05/2015;USD;2877,92
12/05/2015;USD;2878,31
15/05/2015;USD;2872,21
18/05/2015;USD;2871,77
19/05/2015;USD;2873,33
20/05/2015;USD;2875,88
21/05/2015;USD;2874,1
22/05/2015;USD;2873,66
26/05/2015;USD;2875,34
27/05/2015;USD;2876,91
28/05/2015;USD;2875,86
29/05/2015;USD;2875,65
01/06/2015;USD;2876,89
02/06/2015;USD;2876,52
03/06/2015;USD;2877,55
04/06/2015;USD;2877,04
05/06/2015;USD;2878,08
08/06/2015;USD;2877,8
09/06/2015;USD;2876,76
10/06/2015;USD;2876,99
11/06/2015;USD;2879,02
12/06/2015;USD;2880,03
15/06/2015;USD;2878,98
16/06/2015;USD;2879,24
17/06/2015;USD;2878,98
18/06/2015;USD;2878,78
19/06/2015;USD;2879,97
22/06/2015;USD;2879,18
23/06/2015;USD;2882,31
24/06/2015;USD;2881,73
29/06/2015;USD;2882,98
30/06/2015;USD;2880,05
01/07/2015;USD;2881,85
02/07/2015;USD;2882,78
03/07/2015;USD;2882,55
06/07/2015;USD;2884,67
07/07/2015;USD;2884,43
08/07/2015;USD;2882,95
09/07/2015;USD;2882,62
10/07/2015;USD;2880,6
13/07/2015;USD;2880,96
14/07/2015;USD;2882
15/07/2015;USD;2882,37
16/07/2015;USD;2882,94
17/07/2015;USD;2881,8
20/07/2015;USD;2882,72
21/07/2015;USD;2881,54
22/07/2015;USD;2880,14
23/07/2015;USD;2879,67
24/07/2015;USD;2880,24
27/07/2015;USD;2879,85
28/07/2015;USD;2880,62
29/07/2015;USD;2880,16
30/07/2015;USD;2881,17
03/08/2015;USD;2881,59
04/08/2015;USD;2880,27
05/08/2015;USD;2880,76
06/08/2015;USD;2881,14
07/08/2015;USD;2880,06
10/08/2015;USD;2879,07
11/08/2015;USD;2884,06
12/08/2015;USD;2885,04
13/08/2015;USD;2885,39
17/08/2015;USD;2884
18/08/2015;USD;2885,02
19/08/2015;USD;2884,05
20/08/2015;USD;2883,03
21/08/2015;USD;2881,03
24/08/2015;USD;2876,01
25/08/2015;USD;2876,51
26/08/2015;USD;2878,83
27/08/2015;USD;2880,27
28/08/2015;USD;2879,52
31/08/2015;USD;2880,27
01/09/2015;USD;2879,24
02/09/2015;USD;2878,88
03/09/2015;USD;2879,73
04/09/2015;USD;2972,5
07/09/2015;USD;3063,92
08/09/2015;USD;3104,17
09/09/2015;USD;3117,08
10/09/2015;USD;3104,38
11/09/2015;USD;3056,73
14/09/2015;USD;3107,5
15/09/2015;USD;3091,98
16/09/2015;USD;3103,76
17/09/2015;USD;3106,91
18/09/2015;USD;3112,61
21/09/2015;USD;3140,91
22/09/2015;USD;3168,62
23/09/2015;USD;3190,04
24/09/2015;USD;3196,11
25/09/2015;USD;3206,03
28/09/2015;USD;3215,39
29/09/2015;USD;3215,16
30/09/2015;USD;3223,13
01/10/2015;USD;3232
02/10/2015;USD;3241,23
05/10/2015;USD;3239,87
06/10/2015;USD;3255,59
07/10/2015;USD;3256,16
08/10/2015;USD;3267,27
09/10/2015;USD;3270,39
12/10/2015;USD;3264,35
13/10/2015;USD;3267,67
14/10/2015;USD;3268,49
15/10/2015;USD;3257,83
16/10/2015;USD;3264,8
19/10/2015;USD;3264,64
20/10/2015;USD;3262,61
21/10/2015;USD;3264,13
22/10/2015;USD;3265,58
23/10/2015;USD;3285,03
26/10/2015;USD;3286,92
27/10/2015;USD;3288,58
28/10/2015;USD;3275,39
29/10/2015;USD;3289,7
30/10/2015;USD;3292,24
02/11/2015;USD;3289,202
03/11/2015;USD;3284,42
04/11/2015;USD;3287,31
05/11/2015;USD;3289,1
06/11/2015;USD;3282,35
09/11/2015;USD;3287,86
10/11/2015;USD;3293,24
11/11/2015;USD;3292,22
12/11/2015;USD;3286,86
13/11/2015;USD;3277,66
16/11/2015;USD;3280,05
17/11/2015;USD;3284,04
18/11/2015;USD;3281,96
19/11/2015;USD;3277,34
20/11/2015;USD;3268,97
23/11/2015;USD;3268,08
24/11/2015;USD;3267,88
25/11/2015;USD;3263,62
26/11/2015;USD;3262,68
27/11/2015;USD;3264,62
30/11/2015;USD;3260,43
01/12/2015;USD;3259,1
02/12/2015;USD;3260,77
03/12/2015;USD;3261,64
04/12/2015;USD;3194,11
07/12/2015;USD;3200,38
08/12/2015;USD;3194,26
09/12/2015;USD;3192,14
10/12/2015;USD;3187,48
11/12/2015;USD;3181,56
14/12/2015;USD;3172,15
15/12/2015;USD;3175,23
16/12/2015;USD;3172,87
17/12/2015;USD;3198,95
18/12/2015;USD;3203,81
21/12/2015;USD;3205,44
22/12/2015;USD;3201,19
23/12/2015;USD;3202,33
28/12/2015;USD;3199,22
29/12/2015;USD;3196,38
30/12/2015;USD;3199,21
04/01/2016;USD;3202,95
05/01/2016;USD;3205,49
06/01/2016;USD;3212,14
07/01/2016;USD;3206,39
08/01/2016;USD;3200,32
11/01/2016;USD;3195,88
12/01/2016;USD;3203,58
13/01/2016;USD;3206,78
14/01/2016;USD;3204,1
18/01/2016;USD;3206,06
19/01/2016;USD;3205,8
20/01/2016;USD;3201,29
21/01/2016;USD;3204,81
22/01/2016;USD;3213,97
25/01/2016;USD;3215,85
26/01/2016;USD;3212,58
27/01/2016;USD;3211,49
28/01/2016;USD;3204,15
29/01/2016;USD;3202,75
01/02/2016;USD;3205,93
02/02/2016;USD;3202,09
03/02/2016;USD;3204,61
04/02/2016;USD;3175,05
05/02/2016;USD;3170,47
08/02/2016;USD;3178,46
09/02/2016;USD;3169,37
10/02/2016;USD;3161,35
11/02/2016;USD;3162,72
12/02/2016;USD;3163,45
15/02/2016;USD;3168,61
16/02/2016;USD;3171,34
17/02/2016;USD;3175,04
18/02/2016;USD;3181,87
19/02/2016;USD;3184,36
22/02/2016;USD;3193,68
23/02/2016;USD;3197,67
24/02/2016;USD;3197,17
25/02/2016;USD;3197,04
26/02/2016;USD;3199,28
29/02/2016;USD;3203,75
01/03/2016;USD;3208,32
02/03/2016;USD;3210,64
03/03/2016;USD;3212,64
04/03/2016;USD;3205,21
07/03/2016;USD;3206,62
08/03/2016;USD;3202,4
09/03/2016;USD;3206,87
10/03/2016;USD;3206,37
11/03/2016;USD;3183,05
14/03/2016;USD;3182,25
15/03/2016;USD;3188,88
16/03/2016;USD;3197,66
17/03/2016;USD;3173,6
18/03/2016;USD;3176,68
21/03/2016;USD;3181,05
22/03/2016;USD;3186,47
23/03/2016;USD;3193,81
30/03/2016;USD;3188,39
31/03/2016;USD;3178,75
01/04/2016;USD;3179,01
04/04/2016;USD;3179,41
05/04/2016;USD;3177,97
06/04/2016;USD;3179,17
07/04/2016;USD;3177,79
08/04/2016;USD;3176,67
11/04/2016;USD;3170,25
12/04/2016;USD;3167,6
13/04/2016;USD;3176,45
14/04/2016;USD;3178,73
15/04/2016;USD;3178,8
19/04/2016;USD;3168,09
20/04/2016;USD;3165,67
21/04/2016;USD;3172,8
22/04/2016;USD;3174,38
25/04/2016;USD;3175,94
26/04/2016;USD;3174,05
27/04/2016;USD;3172,55
28/04/2016;USD;3165,07
29/04/2016;USD;3156,05
02/05/2016;USD;3150,82
03/05/2016;USD;3126,52
06/05/2016;USD;3139,16
09/05/2016;USD;3141,07
10/05/2016;USD;3143,63
11/05/2016;USD;3145,66
12/05/2016;USD;3142,42
13/05/2016;USD;3152,42
17/05/2016;USD;3157,64
18/05/2016;USD;3173,8
19/05/2016;USD;3187,14
20/05/2016;USD;3195,38
23/05/2016;USD;3199,27
24/05/2016;USD;3209,78
25/05/2016;USD;3215,58
26/05/2016;USD;3220,58
27/05/2016;USD;3227,03
30/05/2016;USD;3237,22
31/05/2016;USD;3247,08
01/06/2016;USD;3255,95
02/06/2016;USD;3258,08
03/06/2016;USD;3264,68
06/06/2016;USD;3247,53
07/06/2016;USD;3247,89
08/06/2016;USD;3252,17
09/06/2016;USD;3254,95
10/06/2016;USD;3264,42
13/06/2016;USD;3271,78
14/06/2016;USD;3287,66
15/06/2016;USD;3289,24
16/06/2016;USD;3284,67
17/06/2016;USD;3285,89
20/06/2016;USD;3271,07
21/06/2016;USD;3272,44
22/06/2016;USD;3271,66
23/06/2016;USD;3256,58
24/06/2016;USD;3264,25
27/06/2016;USD;3267,8
28/06/2016;USD;3260,35
29/06/2016;USD;3252,83
30/06/2016;USD;3237,72
01/07/2016;USD;3221,28
04/07/2016;USD;3210,94
05/07/2016;USD;3203,5
06/07/2016;USD;3183,77
07/07/2016;USD;3164,53
08/07/2016;USD;3137,75
11/07/2016;USD;3103,71
12/07/2016;USD;3085,81
13/07/2016;USD;3042,56
14/07/2016;USD;3004,14
15/07/2016;USD;3011,42
18/07/2016;USD;3031
19/07/2016;USD;3022,44
20/07/2016;USD;3018,39
21/07/2016;USD;2990,58
22/07/2016;USD;2983,37
25/07/2016;USD;2956,78
26/07/2016;USD;2947,94
27/07/2016;USD;2958,41
28/07/2016;USD;2958,23
29/07/2016;USD;2964,84
01/08/2016;USD;2964,93
02/08/2016;USD;2966,1
03/08/2016;USD;2969,47
04/08/2016;USD;2975,8
05/08/2016;USD;2981,07
08/08/2016;USD;2999,98
09/08/2016;USD;3010,49
10/08/2016;USD;3016,97
11/08/2016;USD;3023,96
12/08/2016;USD;3034,75
16/08/2016;USD;3030,68
17/08/2016;USD;3039,11
18/08/2016;USD;3039,99
19/08/2016;USD;3046,27
22/08/2016;USD;3048,93
23/08/2016;USD;3046,51
24/08/2016;USD;3046,92
25/08/2016;USD;3045,8
26/08/2016;USD;3044,8
29/08/2016;USD;3048,78
30/08/2016;USD;3047,98
31/08/2016;USD;3049,85
01/09/2016;USD;3050,11
02/09/2016;USD;3050,14
05/09/2016;USD;3048,74
06/09/2016;USD;3050,58
07/09/2016;USD;3042,17
08/09/2016;USD;3040,85
09/09/2016;USD;3039,38
12/09/2016;USD;3043,01
13/09/2016;USD;3051,08
14/09/2016;USD;3052,6
15/09/2016;USD;3050,73
16/09/2016;USD;3051,11
19/09/2016;USD;3054,16
20/09/2016;USD;3053,19
21/09/2016;USD;3054,04
22/09/2016;USD;3052,37
23/09/2016;USD;3062,06
26/09/2016;USD;3064
27/09/2016;USD;3064,17
28/09/2016;USD;3076,22
29/09/2016;USD;3097,7
30/09/2016;USD;3110,98
03/10/2016;USD;3115,17
04/10/2016;USD;3133,81
05/10/2016;USD;3132,78
06/10/2016;USD;3139,81
07/10/2016;USD;3160,68
10/10/2016;USD;3169,02
11/10/2016;USD;3180,95
12/10/2016;USD;3199,03
13/10/2016;USD;3202,82
14/10/2016;USD;3206,28
17/10/2016;USD;3210,01
18/10/2016;USD;3206,99
19/10/2016;USD;3215,89
20/10/2016;USD;3218,2
21/10/2016;USD;3219,95
24/10/2016;USD;3223,92
25/10/2016;USD;3212,82
26/10/2016;USD;3205,97
27/10/2016;USD;3204,49
28/10/2016;USD;3206,33
02/11/2016;USD;3185,29
03/11/2016;USD;3187,96
04/11/2016;USD;3184,25
07/11/2016;USD;3195,76
08/11/2016;USD;3210,55
09/11/2016;USD;3208,26
10/11/2016;USD;3228,95
11/11/2016;USD;3231,25
14/11/2016;USD;3251,56
15/11/2016;USD;3260,86
16/11/2016;USD;3268,58
17/11/2016;USD;3276,34
18/11/2016;USD;3282,96
21/11/2016;USD;3284,21
22/11/2016;USD;3288,2
23/11/2016;USD;3289,49
24/11/2016;USD;3310,53
25/11/2016;USD;3316,46
28/11/2016;USD;3318,88
29/11/2016;USD;3326,93
30/11/2016;USD;3330,56
01/12/2016;USD;3329,16
02/12/2016;USD;3318,22
05/12/2016;USD;3326,03
06/12/2016;USD;3325,09
07/12/2016;USD;3330,62
08/12/2016;USD;3327,54
09/12/2016;USD;3331,64
12/12/2016;USD;3335,21
13/12/2016;USD;3329,47
14/12/2016;USD;3323,29
15/12/2016;USD;3331,42
16/12/2016;USD;3327,05
19/12/2016;USD;3329,52
20/12/2016;USD;3331,82
21/12/2016;USD;3330,13
22/12/2016;USD;3332,54
23/12/2016;USD;3336,36
26/12/2016;USD;3338,9
27/12/2016;USD;3344,27
28/12/2016;USD;3346,54
29/12/2016;USD;3350,54
30/12/2016;USD;3347,94
02/01/2017;USD;3343,09
03/01/2017;USD;3346,83
04/01/2017;USD;3353,11
05/01/2017;USD;3329,77
06/01/2017;USD;3313,96
09/01/2017;USD;3308,44
10/01/2017;USD;3295,37
11/01/2017;USD;3297,14
12/01/2017;USD;3288,2
13/01/2017;USD;3282,08
16/01/2017;USD;3275,26
17/01/2017;USD;3261,43
18/01/2017;USD;3242,58
19/01/2017;USD;3245,04
20/01/2017;USD;3235,15
23/01/2017;USD;3220,28
24/01/2017;USD;3216,94
25/01/2017;USD;3218,21
26/01/2017;USD;3210,95
27/01/2017;USD;3211,63
30/01/2017;USD;3206,01
31/01/2017;USD;3200,07
01/02/2017;USD;3189,61
02/02/2017;USD;3180,75
03/02/2017;USD;3172
06/02/2017;USD;3164,71
07/02/2017;USD;3158,02
08/02/2017;USD;3147,71
09/02/2017;USD;3142,35
10/02/2017;USD;3137,92
13/02/2017;USD;3148,89
14/02/2017;USD;3145,67
15/02/2017;USD;3144,49
16/02/2017;USD;3138,75
17/02/2017;USD;3126,4
20/02/2017;USD;3119,22
21/02/2017;USD;3113,3
22/02/2017;USD;3105,33
23/02/2017;USD;3102,87
24/02/2017;USD;3098,1
27/02/2017;USD;3086,27
28/02/2017;USD;3074,26
01/03/2017;USD;3070,38
02/03/2017;USD;3075,6
03/03/2017;USD;3077,88
06/03/2017;USD;3076,41
07/03/2017;USD;3080,41
09/03/2017;USD;3099,93
10/03/2017;USD;3111
13/03/2017;USD;3125,81
14/03/2017;USD;3153,12
15/03/2017;USD;3191,71
16/03/2017;USD;3262,7
17/03/2017;USD;3309,12
20/03/2017;USD;3279,45
21/03/2017;USD;3260,78
22/03/2017;USD;3249,04
23/03/2017;USD;3224,27
24/03/2017;USD;3221,1
27/03/2017;USD;3212,21
30/03/2017;USD;3219,33
31/03/2017;USD;3221,68
03/04/2017;USD;3222,46
04/04/2017;USD;3225,09
05/04/2017;USD;3219,56
06/04/2017;USD;3219,39
07/04/2017;USD;3220,4
10/04/2017;USD;3218,61
11/04/2017;USD;3210,41
12/04/2017;USD;3211,17
13/04/2017;USD;3203,13
18/04/2017;USD;3205,56
19/04/2017;USD;3192,39
20/04/2017;USD;3189,29
21/04/2017;USD;3193,19
24/04/2017;USD;3166,56
25/04/2017;USD;3162,96
26/04/2017;USD;3163,87
27/04/2017;USD;3170,71
28/04/2017;USD;3195,19
02/05/2017;USD;3201,35
03/05/2017;USD;3203,43
04/05/2017;USD;3202,71
05/05/2017;USD;3192,85
08/05/2017;USD;3185,53
09/05/2017;USD;3178,96
10/05/2017;USD;3168,17
11/05/2017;USD;3154,33
12/05/2017;USD;3146,03
15/05/2017;USD;3118,71
16/05/2017;USD;3081,49
17/05/2017;USD;3073,34
18/05/2017;USD;3055,11
19/05/2017;USD;3054,19
22/05/2017;USD;3056,85
23/05/2017;USD;3075,5
24/05/2017;USD;3081
26/05/2017;USD;3090,21
29/05/2017;USD;3105,56
30/05/2017;USD;3116,07
31/05/2017;USD;3122,7
01/06/2017;USD;3150,63
02/06/2017;USD;3157,19
06/06/2017;USD;3160,9
07/06/2017;USD;3173,09
08/06/2017;USD;3194,99
09/06/2017;USD;3201,25
12/06/2017;USD;3203,2
13/06/2017;USD;3197,47
14/06/2017;USD;3181,69
15/06/2017;USD;3179,84
16/06/2017;USD;3148,72
19/06/2017;USD;3127,36
20/06/2017;USD;3118,35
21/06/2017;USD;3107,67
22/06/2017;USD;3090,02
23/06/2017;USD;3081,48
27/06/2017;USD;3060,31
28/06/2017;USD;3025,19
29/06/2017;USD;3010,75
30/06/2017;USD;3003,44
03/07/2017;USD;2998,95
04/07/2017;USD;2997,02
05/07/2017;USD;2989,72
06/07/2017;USD;2981,57
07/07/2017;USD;2975,02
10/07/2017;USD;2964,85
11/07/2017;USD;2965,35
12/07/2017;USD;2960,83
13/07/2017;USD;2960,66
14/07/2017;USD;2951,48
17/07/2017;USD;2932,14
18/07/2017;USD;2919,95
19/07/2017;USD;2905,44
20/07/2017;USD;2903,27
21/07/2017;USD;2911,33
24/07/2017;USD;2922,34
25/07/2017;USD;2924,7
26/07/2017;USD;2933,76
27/07/2017;USD;2933,79
28/07/2017;USD;2938,3
31/07/2017;USD;2940,61
01/08/2017;USD;2941,03
02/08/2017;USD;2938,47
03/08/2017;USD;2936,27
04/08/2017;USD;2933,32
07/08/2017;USD;2942,45
08/08/2017;USD;2946,04
09/08/2017;USD;2951,75
10/08/2017;USD;2951,61
11/08/2017;USD;2950,98
14/08/2017;USD;2946,44
16/08/2017;USD;2957,97
17/08/2017;USD;2955,64
18/08/2017;USD;2957,38
21/08/2017;USD;2955,7
22/08/2017;USD;2951,76
23/08/2017;USD;2953,63
24/08/2017;USD;2948,43
25/08/2017;USD;2954,52
28/08/2017;USD;2952,17
29/08/2017;USD;2955,59
30/08/2017;USD;2953,04
31/08/2017;USD;2952,15
01/09/2017;USD;2950,11
04/09/2017;USD;2947,86
05/09/2017;USD;2947,3
06/09/2017;USD;2947,65
07/09/2017;USD;2947,07
08/09/2017;USD;2943,09
11/09/2017;USD;2947,76
12/09/2017;USD;2956,54
13/09/2017;USD;2963,68
14/09/2017;USD;2995,26
15/09/2017;USD;3002,73
18/09/2017;USD;3009,61
19/09/2017;USD;3009,7
20/09/2017;USD;3009,61
21/09/2017;USD;3017,53
22/09/2017;USD;3011,48
25/09/2017;USD;3012,49
26/09/2017;USD;3014,29
27/09/2017;USD;3016,51
28/09/2017;USD;3021,43
29/09/2017;USD;3020,95
02/10/2017;USD;3018,43
03/10/2017;USD;3028,18
04/10/2017;USD;3031,51
05/10/2017;USD;3034,11
06/10/2017;USD;3051,16
09/10/2017;USD;3056,89
10/10/2017;USD;3057,6
11/10/2017;USD;3049,88
12/10/2017;USD;3049,07
13/10/2017;USD;3054,16
16/10/2017;USD;3059,05
17/10/2017;USD;3064,5
18/10/2017;USD;3065,76
19/10/2017;USD;3074,86
20/10/2017;USD;3089,11
23/10/2017;USD;3107,58
24/10/2017;USD;3113,44
25/10/2017;USD;3118,97
26/10/2017;USD;3121,22
27/10/2017;USD;3141,93
30/10/2017;USD;3151,28
31/10/2017;USD;3152,87
02/11/2017;USD;3156,28
03/11/2017;USD;3160,08
06/11/2017;USD;3165,97
07/11/2017;USD;3173,13
08/11/2017;USD;3182,05
09/11/2017;USD;3176,12
10/11/2017;USD;3175,35
13/11/2017;USD;3173,81
14/11/2017;USD;3162,75
15/11/2017;USD;3152,47
16/11/2017;USD;3155,66
17/11/2017;USD;3168,44
20/11/2017;USD;3183,07
21/11/2017;USD;3191,58
22/11/2017;USD;3200,5
23/11/2017;USD;3196,72
24/11/2017;USD;3189,34
27/11/2017;USD;3189,95
28/11/2017;USD;3191,08
29/11/2017;USD;3200,13
30/11/2017;USD;3202,42
01/12/2017;USD;3190,09
04/12/2017;USD;3197,66
05/12/2017;USD;3196,04
06/12/2017;USD;3199,59
07/12/2017;USD;3201,5
08/12/2017;USD;3209,49
11/12/2017;USD;3207,66
12/12/2017;USD;3217,95
13/12/2017;USD;3228,72
14/12/2017;USD;3230,02
15/12/2017;USD;3238,68
18/12/2017;USD;3237,5
19/12/2017;USD;3236,91
20/12/2017;USD;3235,58
21/12/2017;USD;3231,33
22/12/2017;USD;3220,4
26/12/2017;USD;3231,98
27/12/2017;USD;3242,2
28/12/2017;USD;3235,62
29/12/2017;USD;3230,19
02/01/2018;USD;3220,45
03/01/2018;USD;3225,76
04/01/2018;USD;3228,58
05/01/2018;USD;3225,15
08/01/2018;USD;3233,52
09/01/2018;USD;3248,31
11/01/2018;USD;3250,25
12/01/2018;USD;3247,83
15/01/2018;USD;3243,76
16/01/2018;USD;3241,4
17/01/2018;USD;3240,53
18/01/2018;USD;3234,12
19/01/2018;USD;3231,56
22/01/2018;USD;3232,25
23/01/2018;USD;3231,21
24/01/2018;USD;3223,92
25/01/2018;USD;3209,89
26/01/2018;USD;3206,78
29/01/2018;USD;3219,67
30/01/2018;USD;3225,41
31/01/2018;USD;3217,08
01/02/2018;USD;3209,99
02/02/2018;USD;3192,27
05/02/2018;USD;3190,32
06/02/2018;USD;3191,25
07/02/2018;USD;3188,14
08/02/2018;USD;3194,31
09/02/2018;USD;3189,15
12/02/2018;USD;3184,83
13/02/2018;USD;3171,46
14/02/2018;USD;3156,66
15/02/2018;USD;3144,25
16/02/2018;USD;3132,21
19/02/2018;USD;3136,95
20/02/2018;USD;3139,16
21/02/2018;USD;3135,58
22/02/2018;USD;3137,6
23/02/2018;USD;3130,2
26/02/2018;USD;3122,48
27/02/2018;USD;3119,02
28/02/2018;USD;3120,12
01/03/2018;USD;3121,82
02/03/2018;USD;3120,76
05/03/2018;USD;3115,11
06/03/2018;USD;3100,02
07/03/2018;USD;3079,64
08/03/2018;USD;3077,6
09/03/2018;USD;3088,72
12/03/2018;USD;3089,03
13/03/2018;USD;3094,93
14/03/2018;USD;3104,42
15/03/2018;USD;3112,01
16/03/2018;USD;3128,89
19/03/2018;USD;3148,32
20/03/2018;USD;3152,59
21/03/2018;USD;3191,49
22/03/2018;USD;3192,04
23/03/2018;USD;3199,64
26/03/2018;USD;3207,03
27/03/2018;USD;3203,57
28/03/2018;USD;3213,25
03/04/2018;USD;3216,87
04/04/2018;USD;3228,42
05/04/2018;USD;3228,5
06/04/2018;USD;3227,01
09/04/2018;USD;3223,75
10/04/2018;USD;3210,01
11/04/2018;USD;3206,85
12/04/2018;USD;3207,84
13/04/2018;USD;3210,95
16/04/2018;USD;3208,82
17/04/2018;USD;3204,84
18/04/2018;USD;3204,52
19/04/2018;USD;3204,99
20/04/2018;USD;3205,82
23/04/2018;USD;3211,73
24/04/2018;USD;3212,2
25/04/2018;USD;3210,77
26/04/2018;USD;3218,31
27/04/2018;USD;3236,2
30/04/2018;USD;3227,31
02/05/2018;USD;3239,1
03/05/2018;USD;3240,08
04/05/2018;USD;3238,14
07/05/2018;USD;3241,22
08/05/2018;USD;3242,41
09/05/2018;USD;3243,3
11/05/2018;USD;3235,06
14/05/2018;USD;3232,5
15/05/2018;USD;3232,53
16/05/2018;USD;3242,37
17/05/2018;USD;3248,78
18/05/2018;USD;3248,71
22/05/2018;USD;3247,93
23/05/2018;USD;3256,31
24/05/2018;USD;3261,31
25/05/2018;USD;3272,67
28/05/2018;USD;3280,16
29/05/2018;USD;3305,4
30/05/2018;USD;3326,74
31/05/2018;USD;3324,13
01/06/2018;USD;3339,57
04/06/2018;USD;3347,4
05/06/2018;USD;3355,15
06/06/2018;USD;3359,24
07/06/2018;USD;3365,94
08/06/2018;USD;3373,1
11/06/2018;USD;3387,47
12/06/2018;USD;3402,53
13/06/2018;USD;3394,41
14/06/2018;USD;3390,46
15/06/2018;USD;3393,82
18/06/2018;USD;3371,22
19/06/2018;USD;3346,89
20/06/2018;USD;3334,06
21/06/2018;USD;3337,41
22/06/2018;USD;3330,05
25/06/2018;USD;3328,69
27/06/2018;USD;3322,37
28/06/2018;USD;3323,24
29/06/2018;USD;3314,67
02/07/2018;USD;3314,58
03/07/2018;USD;3314,56
04/07/2018;USD;3317,6
05/07/2018;USD;3318,21
06/07/2018;USD;3324,15
09/07/2018;USD;3327,31
10/07/2018;USD;3327,48
11/07/2018;USD;3330,16
12/07/2018;USD;3335,07
13/07/2018;USD;3342,25
16/07/2018;USD;3339,7
17/07/2018;USD;3335,62
18/07/2018;USD;3332,56
19/07/2018;USD;3323,53
20/07/2018;USD;3308,1
23/07/2018;USD;3288,6
24/07/2018;USD;3287,47
25/07/2018;USD;3276,08
26/07/2018;USD;3269,8
27/07/2018;USD;3284,75
30/07/2018;USD;3281,25
31/07/2018;USD;3270,34
01/08/2018;USD;3271,56
02/08/2018;USD;3269,8
03/08/2018;USD;3276,48
06/08/2018;USD;3285,48
07/08/2018;USD;3287,74
08/08/2018;USD;3287,19
09/08/2018;USD;3294,94
10/08/2018;USD;3307,99
13/08/2018;USD;3326,9
14/08/2018;USD;3320,03
16/08/2018;USD;3318,76
17/08/2018;USD;3315,8
20/08/2018;USD;3303,71
21/08/2018;USD;3294,3
22/08/2018;USD;3286,12
23/08/2018;USD;3296,09
24/08/2018;USD;3304,41
27/08/2018;USD;3312,62
28/08/2018;USD;3317,91
29/08/2018;USD;3315,51
30/08/2018;USD;3319,96
31/08/2018;USD;3328,56
03/09/2018;USD;3350,9
04/09/2018;USD;3364,1
05/09/2018;USD;3372,34
06/09/2018;USD;3378,62
07/09/2018;USD;3397,5
10/09/2018;USD;3410,53
11/09/2018;USD;3410,41
12/09/2018;USD;3422,18
13/09/2018;USD;3430,93
14/09/2018;USD;3433,68
17/09/2018;USD;3435,31
18/09/2018;USD;3426,63
19/09/2018;USD;3425,04
20/09/2018;USD;3420,34
21/09/2018;USD;3403,98
24/09/2018;USD;3406,75
25/09/2018;USD;3406,39
26/09/2018;USD;3408
27/09/2018;USD;3421,62
28/09/2018;USD;3431,07
01/10/2018;USD;3441,36
02/10/2018;USD;3455,49
03/10/2018;USD;3460,16
04/10/2018;USD;3478,19
05/10/2018;USD;3492,5
08/10/2018;USD;3498,37
09/10/2018;USD;3509,93
10/10/2018;USD;3517,77
11/10/2018;USD;3516,11
12/10/2018;USD;3518,72
15/10/2018;USD;3525
16/10/2018;USD;3535
17/10/2018;USD;3527,37
18/10/2018;USD;3524,98
19/10/2018;USD;3513,81
22/10/2018;USD;3495,15
23/10/2018;USD;3481,51
24/10/2018;USD;3486,22
25/10/2018;USD;3497,29
26/10/2018;USD;3513,46
29/10/2018;USD;3520,04
30/10/2018;USD;3529,39
31/10/2018;USD;3537,38
02/11/2018;USD;3544,44
05/11/2018;USD;3545,54
06/11/2018;USD;3551,79
08/11/2018;USD;3559,23
09/11/2018;USD;3575,19
12/11/2018;USD;3595,59
13/11/2018;USD;3616,75
14/11/2018;USD;3629,03
15/11/2018;USD;3616,39
16/11/2018;USD;3620,71
19/11/2018;USD;3630,51
20/11/2018;USD;3634,52
21/11/2018;USD;3638,43
22/11/2018;USD;3634,86
23/11/2018;USD;3637,17
26/11/2018;USD;3649,88
27/11/2018;USD;3650,49
28/11/2018;USD;3646,11
29/11/2018;USD;3638,17
30/11/2018;USD;3631,83
03/12/2018;USD;3620,67
04/12/2018;USD;3605,43
05/12/2018;USD;3589,59
06/12/2018;USD;3565,61
07/12/2018;USD;3544,01
10/12/2018;USD;3517,51
11/12/2018;USD;3516,9
12/12/2018;USD;3518,73
13/12/2018;USD;3518,85
14/12/2018;USD;3525,62
17/12/2018;USD;3522,43
18/12/2018;USD;3506,55
20/12/2018;USD;3484,14
21/12/2018;USD;3473,69
26/12/2018;USD;3467,59
27/12/2018;USD;3470,25
28/12/2018;USD;3470,24
02/01/2019;USD;3473,16
03/01/2019;USD;3483,87
04/01/2019;USD;3493,68
07/01/2019;USD;3505,02
08/01/2019;USD;3522,32
09/01/2019;USD;3549,49
10/01/2019;USD;3556,59
11/01/2019;USD;3563,17
14/01/2019;USD;3587,49
15/01/2019;USD;3613,05
16/01/2019;USD;3619,05
17/01/2019;USD;3610,94
18/01/2019;USD;3599,48
21/01/2019;USD;3590,64
22/01/2019;USD;3575,79
23/01/2019;USD;3566,07
24/01/2019;USD;3557,13
25/01/2019;USD;3547,4
28/01/2019;USD;3526,22
29/01/2019;USD;3500,91
30/01/2019;USD;3468,96
31/01/2019;USD;3463,76
01/02/2019;USD;3462,83
04/02/2019;USD;3463,48
05/02/2019;USD;3469,75
06/02/2019;USD;3503,26
07/02/2019;USD;3525,4
08/02/2019;USD;3551,92
11/02/2019;USD;3576,14
12/02/2019;USD;3610,37
13/02/2019;USD;3613,65
14/02/2019;USD;3591,61
15/02/2019;USD;3573,46
18/02/2019;USD;3548,49
19/02/2019;USD;3531,93
20/02/2019;USD;3507,82
21/02/2019;USD;3504,91
22/02/2019;USD;3505,17
25/02/2019;USD;3506,37
26/02/2019;USD;3508,1
27/02/2019;USD;3520,85
28/02/2019;USD;3529,75
01/03/2019;USD;3535,5
04/03/2019;USD;3542,13
05/03/2019;USD;3552,19
06/03/2019;USD;3555,34
07/03/2019;USD;3548,24
08/03/2019;USD;3554,42
11/03/2019;USD;3538,04
12/03/2019;USD;3531,9
13/03/2019;USD;3514,42
14/03/2019;USD;3498,46
15/03/2019;USD;3492,6
18/03/2019;USD;3500,89
19/03/2019;USD;3521,85
20/03/2019;USD;3536,92
21/03/2019;USD;3542,11
22/03/2019;USD;3543,54
25/03/2019;USD;3544,96
26/03/2019;USD;3541,56
27/03/2019;USD;3553,18
28/03/2019;USD;3565,95
01/04/2019;USD;3 576,07
02/04/2019;USD;3 597,09
03/04/2019;USD;3 613,92
04/04/2019;USD;3 613,79
05/04/2019;USD;3 612,85
08/04/2019;USD;3 612,26
09/04/2019;USD;3 601,61
10/04/2019;USD;3 582,22
11/04/2019;USD;3 575,83
12/04/2019;USD;3 558,04
15/04/2019;USD;3 539,83
16/04/2019;USD;3 539,16
17/04/2019;USD;3 528,69
18/04/2019;USD;3 550,24
23/04/2019;USD;3 572,23
24/04/2019;USD;3 587,78
25/04/2019;USD;3 607,17
26/04/2019;USD;3 620,85
29/04/2019;USD;3 617,09
30/04/2019;USD;3 625,74
02/05/2019;USD;3 620,42
03/05/2019;USD;3 625,24
06/05/2019;USD;3 623,62
07/05/2019;USD;3 608,97
08/05/2019;USD;3 602,06
09/05/2019;USD;3 590,40
10/05/2019;USD;3 582,40
13/05/2019;USD;3 590,10
14/05/2019;USD;3 602,83
15/05/2019;USD;3 609,64
16/05/2019;USD;3 615,00
17/05/2019;USD;3 626,97
20/05/2019;USD;3 645,86
21/05/2019;USD;3 654,96
22/05/2019;USD;3 669,47
23/05/2019;USD;3 672,60
24/05/2019;USD;3 660,45
28/05/2019;USD;3 639,28
29/05/2019;USD;3 637,43
31/05/2019;USD;3 645,82
03/06/2019;USD;3 657,26
04/06/2019;USD;3 654,56
06/06/2019;USD;3 636,78
07/06/2019;USD;3 626,99
11/06/2019;USD;3 619,33
12/06/2019;USD;3 612,46
13/06/2019;USD;3 609,98
14/06/2019;USD;3 598,37
17/06/2019;USD;3 606,58
18/06/2019;USD;3 604,99
19/06/2019;USD;3 608,87
20/06/2019;USD;3 608,78
21/06/2019;USD;3 612,89
24/06/2019;USD;3 603,20
25/06/2019;USD;3 592,86
27/06/2019;USD;3 591,38
28/06/2019;USD;3 603,82
01/07/2019;USD;3 609,15
02/07/2019;USD;3 612,54
03/07/2019;USD;3 615,94
04/07/2019;USD;3 621,05
05/07/2019;USD;3 626,50
08/07/2019;USD;3 640,53
09/07/2019;USD;3 637,86
10/07/2019;USD;3 635,75
11/07/2019;USD;3 631,00
12/07/2019;USD;3 625,81
15/07/2019;USD;3 621,95
16/07/2019;USD;3 618,02
17/07/2019;USD;3 616,54
18/07/2019;USD;3 616,39
19/07/2019;USD;3 617,67
22/07/2019;USD;3 611,01
23/07/2019;USD;3 609,30
24/07/2019;USD;3 610,84
25/07/2019;USD;3 612,49
26/07/2019;USD;3 619,71
29/07/2019;USD;3 633,44
30/07/2019;USD;3 642,44
31/07/2019;USD;3 649,98
01/08/2019;USD;3656,86
02/08/2019;USD;3660,35
05/08/2019;USD;3659,39
06/08/2019;USD;3653,83
07/08/2019;USD;3655,95
08/08/2019;USD;3661,28
09/08/2019;USD;3663,46
12/08/2019;USD;3666,94
13/08/2019;USD;3669,85
14/08/2019;USD;3675,61
16/08/2019;USD;3686,29
19/08/2019;USD;3690,89
20/08/2019;USD;3693,58
21/08/2019;USD;3696,20
22/08/2019;USD;3701,85
23/08/2019;USD;3708,06
26/08/2019;USD;3703,98
27/08/2019;USD;3704,03
28/08/2019;USD;3704,02
29/08/2019;USD;3702,82
30/08/2019;USD;3708,67
02/09/2019;USD;3716,43
03/09/2019;USD;3723,69
04/09/2019;USD;3729,37
05/09/2019;USD;3729,00
06/09/2019;USD;3732,42
09/09/2019;USD;3736,52
10/09/2019;USD;3733,91
11/09/2019;USD;3734,48
12/09/2019;USD;3739,03
13/09/2019;USD;3736,84
16/09/2019;USD;3729,94
17/09/2019;USD;3738,23
18/09/2019;USD;3737,65
19/09/2019;USD;3741,95
20/09/2019;USD;3742,44
23/09/2019;USD;3752,32
24/09/2019;USD;3771,25
25/09/2019;USD;3752,50
26/09/2019;USD;3742,72
27/09/2019;USD;3734,55
30/09/2019;USD;3718,41
01/10/2019;USD;3 677,62
02/10/2019;USD;3 663,48
03/10/2019;USD;3 658,09
04/10/2019;USD;3 660,67
07/10/2019;USD;3 657,12
08/10/2019;USD;3 657,75
09/10/2019;USD;3 659,31
10/10/2019;USD;3 656,56
11/10/2019;USD;3 654,77
14/10/2019;USD;3 644,48
15/10/2019;USD;3 653,16
16/10/2019;USD;3 649,14
17/10/2019;USD;3 642,28
18/10/2019;USD;3 637,87
21/10/2019;USD;3 632,81
22/10/2019;USD;3 640,33
23/10/2019;USD;3 653,41
24/10/2019;USD;3 655,96
25/10/2019;USD;3 662,06
28/10/2019;USD;3 666,09
29/10/2019;USD;3 677,14
30/10/2019;USD;3 671,68
31/10/2019;USD;3 665,51
04/11/2019;USD;3663,55
05/11/2019;USD;3667,32
06/11/2019;USD;3678,87
07/11/2019;USD;3684,81
08/11/2019;USD;3698,38
11/11/2019;USD;3707,49
12/11/2019;USD;3712,74
13/11/2019;USD;3713,60
14/11/2019;USD;3713,12
15/11/2019;USD;3703,39
18/11/2019;USD;3701,04
19/11/2019;USD;3687,13
20/11/2019;USD;3660,27
21/11/2019;USD;3625,88
22/11/2019;USD;3605,87
25/11/2019;USD;3608,09
26/11/2019;USD;3617,29
28/11/2019;USD;3614,78
29/11/2019;USD;3621,37
02/12/2019;USD;3 614,52
03/12/2019;USD;3 622,81
04/12/2019;USD;3 621,64
05/12/2019;USD;3 621,78
06/12/2019;USD;3 627,78
09/12/2019;USD;3 630,90
10/12/2019;USD;3 629,39
11/12/2019;USD;3 631,87
12/12/2019;USD;3 620,11
13/12/2019;USD;3 617,00
16/12/2019;USD;3 617,56
17/12/2019;USD;3 608,54
18/12/2019;USD;3 596,69
19/12/2019;USD;3 591,02
20/12/2019;USD;3 593,60
23/12/2019;USD;3 605,04
26/12/2019;USD;3 610,10
27/12/2019;USD;3 614,33
30/12/2019;USD;3 627,27
02/01/2020;USD;3 628,45
03/01/2020;USD;3 636,95
06/01/2020;USD;3 647,39
07/01/2020;USD;3 656,13
08/01/2020;USD;3 673,07
09/01/2020;USD;3 684,30
10/01/2020;USD;3 690,37
13/01/2020;USD;3 691,21
14/01/2020;USD;3 684,01
15/01/2020;USD;3 687,53
16/01/2020;USD;3 686,43
17/01/2020;USD;3 695,17
20/01/2020;USD;3 659,21
21/01/2020;USD;3 652,98
22/01/2020;USD;3 650,37
23/01/2020;USD;3 646,92
24/01/2020;USD;3 646,38
27/01/2020;USD;3 645,73
28/01/2020;USD;3 640,86
29/01/2020;USD;3 637,73
30/01/2020;USD;3 633,26
31/01/2020;USD;3 626,54
03/02/2020;USD;3 622,46
04/02/2020;USD;3 639,59
05/02/2020;USD;3 649,55
06/02/2020;USD;3 663,90
07/02/2020;USD;3 667,93
10/02/2020;USD;3 673,21
11/02/2020;USD;3 679,30
12/02/2020;USD;3 682,34
13/02/2020;USD;3 696,67
14/02/2020;USD;3 706,47
17/02/2020;USD;3 708,68
18/02/2020;USD;3 705,55
19/02/2020;USD;3 713,73
20/02/2020;USD;3 723,28
21/02/2020;USD;3 728,32
24/02/2020;USD;3 719,71
25/02/2020;USD;3 720,15
26/02/2020;USD;3 716,93
27/02/2020;USD;3 711,09
28/02/2020;USD;3 698,37
02/03/2020;USD;3 692,59
03/03/2020;USD;3 672,75
04/03/2020;USD;3 669,60
05/03/2020;USD;3 669,25
06/03/2020;USD;3 661,09
09/03/2020;USD;3 629,87
10/03/2020;USD;3 635,10
11/03/2020;USD;3 637,56
12/03/2020;USD;3 651,71
13/03/2020;USD;3 679,43
16/03/2020;USD;3 708,16
17/03/2020;USD;3 715,70
18/03/2020;USD;3 736,76
19/03/2020;USD;3 759,79
20/03/2020;USD;3 754,41
23/03/2020;USD;3 751,99
24/03/2020;USD;3 743,10
25/03/2020;USD;3 747,24
26/03/2020;USD;3 751,17
27/03/2020;USD;3 737,91
30/03/2020;USD;3 739,55
31/03/2020;USD;3 755,09
01/04/2020;USD;3 753,71
02/04/2020;USD;3 753,58
03/04/2020;USD;3 759,68
06/04/2020;USD;3 764,43
07/04/2020;USD;3 762,62
08/04/2020;USD;3 765,76
09/04/2020;USD;3 761,44
14/04/2020;USD;3 755,28
15/04/2020;USD;3 754,37
16/04/2020;USD;3 758,38
17/04/2020;USD;3 765,51
20/04/2020;USD;3 770,31
21/04/2020;USD;3 775,08
22/04/2020;USD;3 781,63
23/04/2020;USD;3 781,98
24/04/2020;USD;3 793,63
27/04/2020;USD;3 790,58
28/04/2020;USD;3 795,00
29/04/2020;USD;3 797,17
30/04/2020;USD;3 798,36
04/05/2020;USD;3796,01
05/05/2020;USD;3792,41
06/05/2020;USD;3800,34
07/05/2020;USD;3802,01
08/05/2020;USD;3803,80
11/05/2020;USD;3808,72
12/05/2020;USD;3819,28
13/05/2020;USD;3819,33
14/05/2020;USD;3818,33
15/05/2020;USD;3821,50
18/05/2020;USD;3823,68
19/05/2020;USD;3809,61
20/05/2020;USD;3804,91
22/05/2020;USD;3805,73
25/05/2020;USD;3810,43
26/05/2020;USD;3803,68
27/05/2020;USD;3801,02
28/05/2020;USD;3787,68
29/05/2020;USD;3780,94
02/06/2020;USD;3769,00
03/06/2020;USD;3760,92
04/06/2020;USD;3761,67
05/06/2020;USD;3742,58
08/06/2020;USD;3767,48
09/06/2020;USD;3784,05
10/06/2020;USD;3791,51
11/06/2020;USD;3806,61
12/06/2020;USD;3818,80
15/06/2020;USD;3835,84
16/06/2020;USD;3830,16
17/06/2020;USD;3835,55
18/06/2020;USD;3844,93
19/06/2020;USD;3852,12
22/06/2020;USD;3855,85
23/06/2020;USD;3851,47
24/06/2020;USD;3847,45
25/06/2020;USD;3854,07
29/06/2020;USD;3853,06
30/06/2020;USD;3855,38
01/07/2020;USD;3854,05
02/07/2020;USD;3851,73
03/07/2020;USD;3855,72
06/07/2020;USD;3851,50
07/07/2020;USD;3847,00
08/07/2020;USD;3852,67
09/07/2020;USD;3838,51
10/07/2020;USD;3844,89
13/07/2020;USD;3846,03
14/07/2020;USD;3846,23
15/07/2020;USD;3837,03
16/07/2020;USD;3836,45
17/07/2020;USD;3835,80
20/07/2020;USD;3825,14
21/07/2020;USD;3824,46
22/07/2020;USD;3813,56
23/07/2020;USD;3807,82
24/07/2020;USD;3803,87
27/07/2020;USD;3802,20
28/07/2020;USD;3805,13
29/07/2020;USD;3806,88
30/07/2020;USD;3803,85
03/08/2020;USD;3802,09
04/08/2020;USD;3803,47
05/08/2020;USD;3800,90
06/08/2020;USD;3781,81
07/08/2020;USD;3784,65
10/08/2020;USD;3791,95
11/08/2020;USD;3799,87
12/08/2020;USD;3805,23
13/08/2020;USD;3811,66
14/08/2020;USD;3788,53
17/08/2020;USD;3791,66
18/08/2020;USD;3776,27
19/08/2020;USD;3769,01
20/08/2020;USD;3781,11
21/08/2020;USD;3788,46
24/08/2020;USD;3794,14
25/08/2020;USD;3797,36
26/08/2020;USD;3804,99
27/08/2020;USD;3805,77
28/08/2020;USD;3808,42
31/08/2020;USD;3812,25
01/09/2020;USD;3770,84
02/09/2020;USD;3784,26
03/09/2020;USD;3801,35
04/09/2020;USD;3804,89
07/09/2020;USD;3804,60
08/09/2020;USD;3821,46
09/09/2020;USD;3838,87
10/09/2020;USD;3835,07
11/09/2020;USD;3842,41
14/09/2020;USD;3839,17
15/09/2020;USD;3828,84
16/09/2020;USD;3831,22
17/09/2020;USD;3846,52
18/09/2020;USD;3846,58
21/09/2020;USD;3857,67
22/09/2020;USD;3872,40
23/09/2020;USD;3862,74
24/09/2020;USD;3871,90
25/09/2020;USD;3873,57
28/09/2020;USD;3885,31
29/09/2020;USD;3873,21
30/09/2020;USD;3882,84
01/10/2020;USD;3889,68
02/10/2020;USD;3892,53
05/10/2020;USD;3897,21
06/10/2020;USD;3890,96
07/10/2020;USD;3891,93
08/10/2020;USD;3895,86
09/10/2020;USD;3891,98
12/10/2020;USD;3893,51
13/10/2020;USD;3904,24
14/10/2020;USD;3912,61
15/10/2020;USD;3916,38
16/10/2020;USD;3930,37
19/10/2020;USD;3934,66
20/10/2020;USD;3934,13
21/10/2020;USD;3926,99
22/10/2020;USD;3928,23
23/10/2020;USD;3932,77
26/10/2020;USD;3938,30
27/10/2020;USD;3944,91
28/10/2020;USD;3951,40
29/10/2020;USD;3922,60
30/10/2020;USD;3897,25
02/11/2020;USD;3905,06
03/11/2020;USD;3910,22
04/11/2020;USD;3900,63
05/11/2020;USD;3893,46
06/11/2020;USD;3884,25
09/11/2020;USD;3874,84
10/11/2020;USD;3874,36
11/11/2020;USD;3888,80
12/11/2020;USD;3903,77
13/11/2020;USD;3911,16
16/11/2020;USD;3913,94
17/11/2020;USD;3873,09
18/11/2020;USD;3835,27
19/11/2020;USD;3844,20
20/11/2020;USD;3840,98
23/11/2020;USD;3846,96
24/11/2020;USD;3867,18
25/11/2020;USD;3823,75
26/11/2020;USD;3811,47
27/11/2020;USD;3777,80
30/11/2020;USD;3781,69
01/12/2020;USD;3745,01
02/12/2020;USD;3727,85
03/12/2020;USD;3724,41
04/12/2020;USD;3725,22
07/12/2020;USD;3742,07
08/12/2020;USD;3757,28
09/12/2020;USD;3751,39
10/12/2020;USD;3723,26
11/12/2020;USD;3728,43
14/12/2020;USD;3735,70
15/12/2020;USD;3736,60
16/12/2020;USD;3730,74
17/12/2020;USD;3735,37
18/12/2020;USD;3746,37
21/12/2020;USD;3771,66
22/12/2020;USD;3789,97
23/12/2020;USD;3814,72
28/12/2020;USD;3824,61
29/12/2020;USD;3836,85
30/12/2020;USD;3824,84
04/01/2021;USD;3830,04
05/01/2021;USD;3816,61
06/01/2021;USD;3765,62
07/01/2021;USD;3774,36
08/01/2021;USD;3793,06
11/01/2021;USD;3816,66
12/01/2021;USD;3787,15
13/01/2021;USD;3752,37
14/01/2021;USD;3750,59
15/01/2021;USD;3759,95
18/01/2021;USD;3765,40
19/01/2021;USD;3768,33
20/01/2021;USD;3772,69
21/01/2021;USD;3790,54
22/01/2021;USD;3752,02
25/01/2021;USD;3765,51
26/01/2021;USD;3775,40
27/01/2021;USD;3786,88
28/01/2021;USD;3759,38
29/01/2021;USD;3788,43
